comment_id,message,author_name,created_time,reactions_count,replies_count
3.96432E+14,"Your shirt backwards and, inside out",Riley Glode,2023-12-31T11:07:05,7,1
1.09415E+15,yo speed your my fav. youtuber i watch you every day and you really make me happy,Ugnius Žagaras,2024-02-22T01:30:30,26,7
1.05002E+15,Meow meow meow,Junaif,2024-09-12T22:50:39,41,2
4.10164E+14,My son loves you he’s a big fan he’s name is Jackson and he’s 5 years old 💖,Ciara Butler,2024-03-27T04:21:23,8,1
8.3573E+14,Ishowspeed I am your biggest fan my favorite song is world cup,Malcolm Dillingham,2023-08-27T05:13:35,21,2
4.79553E+14,Thank You Darren for taking great care of my Murphy today ❤️,Kilworth K9,2024-07-19T23:02:28,8,1
6.35294E+14,""" Great day""  sir speed,need some tailoring service  RGM Tailoring",RGM Tailoring,2025-04-19T07:36:06,0,0
1.00604E+15,HE MAKING HER SONG,Nicole Millares,2024-03-29T10:16:52,3,1
1.59852E+15,Meow Meow Meow Meow 🥰,Jah Lovee Riddim,2024-09-15T02:05:51,0,0
4.57174E+14,Meow meow meow.,Bryan Tabian,2024-09-29T16:17:52,3,0
9.35314E+14,Handsome forever,Chrisjan Estequita,2024-09-12T12:24:02,5,0
1.38679E+15,Please show some little love to your arm pits.!,Happy Blake,2025-04-09T17:39:36,0,0
8.13642E+15,Yo speed your my fav toutuber too cuz sometimes its funny and ty for visit our country,Zaii Tem,2024-09-15T19:06:01,0,0
3.83227E+15,Meow meow meow,Enzo Faux Vior,2024-09-22T10:42:54,0,0
2.16966E+15,Meow meow meow,Ramil Pesarillo,2024-09-15T06:37:45,1,0
1.53301E+15,"Please pray for us , pray for the general students of Bangladesh. They are in great denger now. Please support us 🥺🥺
#SaveBangladeshiStudents
#ALjazerra
#Bbcnews #CNN #TheWashingtonPost
#TheNewYorkTimes #TheGuardian
#BBC #AlJazeeraEnglish #TheWallStreetJournal
#CNBC #DhruvRathee #UnitedNations #NewYorkTimesOpinion
#ABCNews #NewYorkPost #ProjectNightfall
#AbhiandNiyu #QuotaReformProtest
#quota_movement
#bdpolice_brutality
#bsl_brutality
#save_bangladeshi_students
Please save our brothers and sisters",Adnan Siddique,2024-07-18T15:00:06,8,4
3.94624E+14,Meow meow meow,Kntoy Suelo,2024-09-15T17:32:42,0,0
3.82822E+15,Meow meow meow meow,Eugine Lobrin,2024-09-13T02:26:56,0,0
5.33748E+14,Meow meow meow,Hermel M Villanueva,2024-09-15T18:14:33,0,0
3.57383E+15,Where's ammyyy!!,Jaywenz Ebk,2024-06-20T00:34:19,1,0
1.20184E+15,Love you Speedy.,Dreylan La'Mel Alford-Johnson,2024-09-20T07:58:26,2,0
1.27792E+15,"""meow meow""",Ethan Jay,2024-09-13T07:49:55,1,0
1.04987E+15,Hey bro meow meow meow meow meow,Melky Estrella,2024-09-18T05:43:22,0,0
2.5281E+15,Very very handsome ❤️❤️😁,Jesnyl Xyryx Cardenas,2024-12-22T23:09:54,0,0
1.36194E+15,"Yooow negaman my the best youtuber i've always watching in yt when i get bored...
Bro you really makes me happy all the time",Alexies Logronio,2024-04-26T01:04:29,59,2
1.25874E+15,iishowspeed I love you,Koulla Christodoulou,2023-09-30T03:30:03,4,0
2.41211E+15,Perfect picture go on Messenger And type in Ereanna Logan and then type back I typed you on messenger￼,Skinny Minnie,2023-12-29T03:05:19,1,0
4.44474E+14,meow meow,metlop,2024-09-12T13:55:32,3,0
1.68741E+15,Meow meow meow,돈크루즈,2024-09-13T04:11:17,0,0
1.69025E+15,meow meow meow meow,Brylle Dela Rosa,2024-09-18T21:45:29,1,0
1.54404E+15,Meow meow,Jos Waa,2024-09-16T17:54:31,1,0
1.91717E+15,meow meow,Kim Pandi,2024-09-15T20:10:13,0,0
1.04457E+15,meow meow 🐈‍⬛,Mike Ksks,2024-09-16T06:12:54,0,0
1.04598E+15,meow meow,Angelo Nuevo,2024-09-13T21:10:13,0,0
3.76169E+15,Meow meow meow,Archer Frnz,2024-09-15T15:49:37,0,0
4.76795E+14,meow meow,Alex Abarca,2024-09-19T09:33:55,0,0
9.92629E+14,meow meow,Rey Francis,2024-09-15T12:48:01,1,0
1.98853E+15,meow meow meow,Khevin Sidra,2024-09-19T00:07:46,0,0
5.10164E+14,Meow meow meow,Jeremy Macale,2024-09-15T13:15:04,0,0
1.3741E+15,"Eyoo IShowSpeed Speed, venha aqui em Moçambique um dia desses. 
Conhecer suas origens Africanas, suas raízes. 
Eu sou um grande fã seu mano, sou de Moçambique! 
Sem ameaças, já foi ao Brasil, e outros vários sítios eu acho que está na hora de vir à suas origens. 
Reage por favor. 🕊🇲🇿",Shel Ton,2025-04-02T17:06:01,0,1
5.65839E+14,Great pic bro,Mike Amos,2024-12-19T15:19:51,1,0
1.13138E+15,hello my big brother how are you,Youssouf Aji,2024-07-16T17:11:47,0,0
1.44311E+15,کہنا تو میں بہت کچھ تھا لیکِن میرے گھر والوں نے کہہ رکھا ہم ضمانت نہیں کروائیں گے 😂🤭,Nazim Ali,2024-08-01T22:46:34,0,0
1.48989E+15,💖💖,Shuvo Kumar,2024-08-03T21:29:45,0,0
8.98605E+14,""" meow meow """,Sultan Mohammad,2024-09-16T21:18:05,0,0
2.39528E+16,Meow meow meow,Prince Sayas,2025-05-11T23:07:41,1,0
5.12358E+14,Meow... meoww... meoww,Ninee Bea Perez,2024-09-15T02:23:46,0,0
1.26527E+15,"Meow,meow?",Harvey Abalos,2024-09-16T20:15:19,0,0
5.25436E+14,I thought it was dreamy bull,Eug Ashton,2024-09-13T17:31:23,0,0
1.17824E+15,نصيحتي كي تشاهدوا فيديو نصيحة كي تعيشوا في عالم مثالي قناة النصيحة هو لي و يتضمن لي حل كي يعيش جميع أفراد العالم كلهم في رخاء إذا كانوا جميعا مسلمين على منهاج الكتاب و السنة فتقسم بينهم جميع الأغذية بالتساوي كبيرهم كصغيرهم و ذكرهم كأنثاهم وهته حلول واقعية ففكرتي في استغلال الثروة السمكية أن تجعل أقفاص كبيرة تصل إلى القاع كي تستغل الأعشاب البحرية التي تنمو بسرعة كبيرة هته الأعشاب يمكن الغواصين زراعتها في البحر والأسماك التي تأكل الأعشاب البحرية السمكة الواحدة تبيض آلاف البيوض وبهته الطريقة نحميها من التعرض للمفترسات وهته الأعشاب البحرية ممكن أن تستغل كعلف للحيوانات و في البر يوجد مثلا عشبة اسمها  البلوبانيك الهكتار يغذي أكثر من 500 خروف في السنة فمثلا طائر النعام يبيض في السنة من 60  إلى 120بيضة و يصل وزنه إلى قنطار و لحمه من ألذ اللحوم و توجد فيه نسبة كبيرة من الشحوم ممكن تذويبها ممكن تذويبها و استعمالها كبديل لزيت الطهي و لبعض العلاجات كما يتحصل كل فرد سنويا على بقرة أو عجل أو ثور و غيرها من الأغذية ، كذلك استعمال المزارع الذكية لتربية الدواجن و غيرها و يوجد من المياه الجوفية ما يكفي احتياج الناس لعدة قرون . كذلك العنب بدون نوى إذا غرس بطريقة الأعمدة مردود الهكتار الواحد 100 طن و بالتالي يتحصل كل فرد سنويا على كميات كبيرة من الأغذية. كمايتعاون  أغلب الذكور في بناء السكن العصري المتطور وعندما يبلغ الفرد سنا معينة يتحصل على حقه في السكن مثلا شقة فخمة من 8 غرف بجميع مستلزماتها من ماء وكهرباء وغاز مجانا كما أن جميع الخدمات مجانية و لا يعمل الشخص عند بلوغ سن معينة أو أثناء العجز. كما أن هذا العلم الدنيوي الذي سخره الله لنا يجب أن نحافظ عليه فنأخذ من خير هذا العلم ونترك شره كما أن وسيلة التنقل بين البلدان للأشخاص و البضائع تكون بالقطار السريع الذي يعمل بالطاقة المغناطيسية المجانية حيث يجعل فيه مغناطيس و يجعل في مساره أعمدة من حديد على طول الطريق شاهدته في التلفزيون تفوق سرعته الطائرة علما أن التلوث يسبب أمطار حامضية توثر على النبات و التربة تصير لا تنبت. كما أن علماء السنة والجماعة هم أصحاب الشورى و القرار وليس المبتدعة أو الشواذ و ترك الأمر بالمعروف والنهي عن المنكر هو سبب التفرق كما ذكر الشيخ ابن العثيمين رحمه الله في تفسير سورة الحج عندما فسر آيتين  من سورة آل عمران قوله تعالى و لتكن منكم أمة يدعون إلى الخير و يأمرون بالمعروف و ينهون عن المنكر و أولئك هم المفلحون. الآية 104. ولا تكونوا كالذين تفرقوا و اختلفوا من بعدما جاءتهم البينات. الآية 105.  ويفرج عن جميع المساجين وتذاب جميع الأسلحة. أما علاج النبات و جعله ينمو بغزارة فمرة كنت أتفرج  شريط علمي في قناة غربية موضوعه في الإيكولوجيا حيث كانت غابة فيها ذئاب فعند قتل الذئاب كثرت الغزلان فقضت على أصناف من النبات فاختفت أصناف أخرى لم تأكلها الغزلان فاستنتجوا أن هناك مثل الاتصالات بين النباتات و علماء الفيزياء يقولون أن هناك تشابه بين العالم العلوي و السفلي في بعض الخلق فاستنتجت أن الجنة محاطة بالسدر فيبدو لي والله أعلم أن تحيط المزروعات بالسدر و الريحان كما أن ورق النبات أو الشجرة عندما تذبل و تخلط مع التربة تكون علاج لتلك النبات أو الشجرة نفسها  مع مراعاة حموضة التربة المناسبة لذالك النبات. وخير البر عاجله و الرفق و التسامح أوصيكم.,Lahcene Guenchi,2024-03-18T07:26:01,0,0
3.85607E+14,Just give me a money 👌👌,Jerriecov Cañamo,2024-09-14T20:34:24,1,0
2.529E+15,Welcome to the Philippines meow meow,Gra Ce,2024-09-19T20:45:15,0,0
4.06598E+14,meow meow meow,Anel Paragoso,2024-09-20T19:33:06,0,0
5.196E+14,"This mf nigga🤣🤣,I love you bro!you better pray for me,cus I love everything you did bro❤️",Miztake Ese Iän,2024-11-01T22:08:51,1,0
2.48565E+15,Meow meow speed,Løuie Abing,2024-09-14T22:13:27,0,0
1.55965E+15,Speed come to mindanao,Jhai-Jhai Lerasan,2024-09-12T15:17:46,1,0
4.38253E+14,meow meow,Jarel Izumi,2025-03-06T12:22:38,0,0
2.32019E+15,Pretty boy,Kongchan Sonita,2024-09-30T12:47:35,0,0
3.87078E+15,This guy run away from Africa and go to Europe for better life trust me,Itx Luyanda,2025-04-23T15:19:24,0,0
1.23825E+15,Love you bro,Ritam Patra,2024-09-11T23:46:47,0,0
8.131E+14,"Dear people of the world, it is with a heavy heart that I speak to you today about the bleeding of the heart. Today, Bangladesh government's thug army ""Chhatra 
League"" has brutally tortured the protesting students in the best universities of Bangladesh. More than 500 were seriously injured  and 7 died. Students were peacefully protesting for their rights. The government's attack on them in that movement has created panic all over Bangladesh. We gave judgment to the people of the world.😥🙏😥
#Save_Bangladeshi_students
#no_more_quotha
#AlJazeeraEnglish",Tuhin Him,2024-07-18T19:16:06,0,0
9.67492E+14,"MEOW MEOW MEOW!!!!✅
WOOF WOOF WOOF!!!❌",Gabriel Baylosis,2025-03-21T19:32:53,0,0
1.47993E+15,"We are in a big trouble. Our brothers (Students of University) have called for Quata Movement in Bangladesh🇧🇩. Police and Chatra League from Politics are Attack in their campus and killed more than 6 Students and many students are injured.🇧🇩

#SaveBangladeshiStudents
#QuataMovement",Ro Mi,2024-07-18T06:24:23,4,0
9.0246E+14,I think your shirts on backwards-,Robyn Reynolds,2024-01-17T09:51:41,3,0
2.22952E+15,God bless bro,Jake Zanc Gonzalo,2024-09-13T07:08:47,22,1
1.46209E+15,Meoww meow,Aj Thomas,2024-09-13T06:59:49,0,0
3.71582E+15,Meow meow,Jeremy Zapico,2024-09-15T06:01:30,2,1
8.46315E+14,Salute you man...!! For donate Money to 🇵🇸,Shafiul Sifat,2024-06-14T02:55:25,8,0
8.31288E+14,Meow meow,Thañh Çang Truñg Ñguyen,2024-09-19T18:06:11,0,0
8.93866E+14,Knee Grow,Niño James Allego Carayo,2024-09-13T22:42:37,0,0
6.36796E+14,Visit Africa pls,Phil Mon,2025-03-23T11:22:49,0,0
4.45578E+14,Meow meow meow meow HAHAHA,Jeyson O Camensi,2024-09-12T21:58:16,0,0
6.3492E+14,"Happy birthday speed we have same birthday but we didn't celebrate my birthday cause we have no money to buy, but happy birthday",Johnson Gaming,2025-01-23T12:33:47,0,0
1.04886E+15,Yojhh love you speed,Mimarjem Beniales,2024-09-12T23:57:20,0,0
1.30644E+15,Please get that nevi looked at on your finger!,Michael Lipari,2024-12-05T14:17:47,0,0
8.24728E+14,"We need your help, please! Our medias are not supporting us.Although they want to support us,but they are afraid of about our government! We badly need your help! They again attack on students today! We are helpless, please!

We want justice 

#SaveBangladeshiStudents
#DhakaUniversityUnderAttak
#DUUnderAttack
#QuotaReformMovement
#QuotaReformProtest
#Save_Bangladeshi_Student
#কোটা_সংস্কার_চাই
#বাংলাদেশ_কোটা_আন্দোলন 
#কোটা_আন্দোলন_২০২৪
#no_more_quotha 
#protect_students
#save_students 
#bangladesh_quotha_movement
#focus_on_bangladesh",Md Raisul Islam,2024-07-17T22:12:42,2,0
1.84043E+15,"Dear bro..!
Thanks to visited our jogjakarta Indonesia..enjoy last time",عبد اللطيف,2025-01-12T18:41:55,0,0
5.32111E+14,Hey comeback there in the Philippines let's eat meow meow,Eyzvlogz,2024-09-15T06:42:01,0,0
2.28619E+15,yoooo ishowspeed lets play call of duty.,Joven N. Destreza,2024-06-06T12:26:34,0,0
2.10062E+15,What's up with the vest bro😂. Why you wearing it the wrong way😂,Mike Amos,2024-12-19T15:20:43,0,0
9.6353E+14,سبيد وو,Darwin Husa,2024-11-24T19:52:46,0,0
3.00461E+16,"Nathi Xoksh

Do you know this guy 🤔",Kamo Makola,2025-04-07T01:15:16,0,0
4.81599E+14,Meow meow negro!,Ishow Speed Holiwood,2024-09-24T07:28:19,0,0
1.05323E+15,Meow meow HAHAHAHA,LO U IS,2024-09-12T20:59:20,1,0
1.44089E+15,"I recommend this game, it has a great plot, the graphics are ok, but it also needs a better soundtrack",Dominik Jabłonka,2024-07-11T08:33:09,4,0
5.26972E+14,Meow Meow Meow,Pinatuyuang Adobong Manok,2024-09-14T08:56:01,3,0
1.04426E+15,I love you much I speed  crush kita. 💙,Liezl Anne Casalme,2024-08-23T12:27:20,0,0
2.42189E+15,Come fetch me in southafrica,Mnr Ambros,2024-03-25T19:15:57,1,0
3.56194E+14,I show meat,Mark Daniel,2023-12-12T10:58:37,6,0
3.69619E+14,How much is this monkey,Rain Ibarbia,2023-12-12T10:18:12,0,0
5.85806E+14,လိဆူးရိုနတို့,Ws Ws,2023-07-24T15:14:34,0,0
6.34612E+14,I show speed that is fake page???,Ssob Paf,2025-01-23T11:53:20,0,0
1.4644E+15,"I remember, speed reacts the Korean song that is the ""n"" word haha",Mark Jean Cante,2024-09-13T21:04:07,0,0
2.48611E+15,I show speed singing Hindi ako Sasuke,Ryan Nebres,2024-09-16T20:46:07,0,0
5.04683E+14,Ishowspeed my idol,SeanDrick Dusil,2024-09-13T16:34:50,0,0
1.58581E+15,Ishow the meat 🍖,Ku Lung,2024-09-08T21:18:23,1,0
9.29887E+14,I saw you in my country Romania,Doru Ionel,2024-07-13T05:26:37,0,0
3.64454E+14,is this his real account?,하트나,2024-02-02T11:57:00,3,2
3.56727E+15,تابع لنصيحة كي تعيشوا في عالم مثالي الآلة هي التي تصير تخدم الإنسان و يوجد مثلا سيارات كهربائية فاخرة ذاتية القيادة وبالتالي تنعدم حوادث المرور في الطرق لدقة القيادة الآلية واتصالها بالقمر الصناعي وتستعمل الآلات عن طريق الذكاء الصناعي لبناء وحدها السكن إلا أن تعاون الناس يتفوق على الآلات في هذا المجال و السكن تبنى مثل طوكيو مثلا ناطحات سحاب مقاومة للزلازل و إذا قومنا الشقق الفخمة في بعض الدول ما يقارب 200 مليون دولار  وبالتعاون يتم إيصال المياه و بناء المشاريع بجودة نية دوامها للأجيال لسنوات عديدة دون انتظار الغلاف المالي للمشاريع علما أن الاقتصاد فيه مشاكل و إن لم يطبق ما قلته سيستحوذ الأغنياء على معظم الأراضي الفلاحية ومعظمهم لا يستفيد منها بسبب المنافسة و عدم القدرة الشرائية .,Lahcene Guenchi,2024-03-18T07:26:27,0,0
7.47623E+14,Why is your vest inside out?,Samuel Mulenga,2023-11-26T00:08:52,1,0
3.49396E+14,I AM THE VALORANT,Yean Lim,2023-12-06T14:29:57,1,0
1.28379E+15,Ruff Ruff Ruff,Abel Ney Sirleaf,2025-02-15T18:45:46,0,0
9.04304E+14,Ashu meat,Pablito Trevi Jr.,2024-10-12T02:14:19,0,0
8.85564E+14,Meow meow,Jeff,2024-09-12T17:01:59,7,0
2.62284E+14,what did I did,Koulla Christodoulou,2023-09-30T03:30:47,1,0
1.20132E+15,Messi IS the best in the would,Thibaut Maro,2024-06-29T17:06:54,1,4
3.93172E+14,speed,Julius Alcover Billones,2024-09-13T06:09:38,0,0
1.02515E+15,yooow bro my God your my idol man,Joaquin Palencia,2025-04-05T08:18:57,0,0
1.15845E+15,Love spid from 🇲🇷🇲🇷🇲🇷,Aemedou abpdalahi.    vamoc parcanona ,2024-05-02T22:31:58,0,0
1.82703E+15,ISHOWSPEED!,Jase Vasquez,2024-04-08T00:03:59,2,0
8.08515E+15,"Speeed itss speeed 
Ilove you speed 
Im yure big fann broo
I sub you in YT FB 
INSTA GRM SNAP",Sam Øne,2024-07-19T21:33:58,0,0
2.07424E+15,"#SaveBangladeshiStudents #SaveBangladeshiStudents
#SaveBanglashiStudents
#DhakaUniversityUnderAttack
#DUUnderAttack
#QuotaReformMovement 
#কোটাসংস্কারচাই
#বাংলাদেশকোটাআন্দোলন 
#কোটাআন্দোলন২০২৪
#nomorequotha 
#protect_students
#save_students #bangladeshquothamovement
#focusonyourgoals bangladesh
#ALjazerra
#Bbcnews #CNN #TheWashingtonPost
#TheNewYorkTimes #TheGuardian
#BBC #AlJazeeraEnglish #TheWallStreetJournal
#CNBC #DhruvRathee #UnitedNations #NewYorkTimesOpinion
#ABCNews #NewYorkPost #ProjectNightfall",Iftekar Chowdhury,2024-07-18T22:09:48,0,0
8.16069E+14,What's that bro 🐸,Jihadhul Islam Jiyam .,2024-05-31T00:10:06,21,1
8.68777E+14,I love the innocence in you,Maher Ehsan,2024-07-05T03:51:56,0,0
1.13498E+15,ياخو ديباردار تعك راك لابسو معكوس,Yehya Ze,2025-01-04T04:09:37,1,2
4.94489E+14,Love you brother 🇧🇩,Rayhan Khondokar,2024-07-18T00:05:00,0,0
3.99088E+14,Nice and Attractive,Emon Hasan,2024-09-05T13:50:39,0,0
4.34008E+14,"Please have a look at the Bangladeshi university students. They are repressed by the Government of Bangladesh. We, the students peacefully maintaining movement against the illegal quota system.But they are obstructing us by terrorism.Please come forward to our helpless students and save them.
#SaveBangladeshiStudents 
#Protect_Bangladeshi_Universities
#SaveBangladeshiStudentsPlease have a look at the Bangladeshi university students. They are repressed by the Government of Bangladesh. We, the students peacefully maintaining movement against the illegal quota system.But they are obstructing us by terrorism.Please come forward to our helpless students and save them.
#SaveBangladeshiStudents 
#Protect_Bangladeshi_Universities
#SaveBangladeshiStudents",Md Mohtasim Siyam,2024-07-18T00:26:31,0,0
1.3153E+15,Ishowspeed! Not ishowmeat!,Mark Aj Jose,2023-09-07T19:19:30,1,0
1.69684E+15,Thank you for coming to Philippines ishowspeed I appreciate it😄,Kelvin James,2024-09-13T18:47:53,0,0
9.97087E+14,Bro remake the karate kid scene but W's for this man,Zenn Albelda,2025-04-07T20:00:05,0,0
7.51845E+14,MEOW MEOW,Zandrix Sabadlab,2024-09-12T20:31:23,2,0
5.37534E+14,This Cristiano Ronaldo fans so best I'll always watching this freaking man in his yt but so tired to watch but I'm happy to this man he can bark he can turn into super dark guy...isuiiiiiiispeed!🧏🏿‍♂️,Kirk Mcjun Acain Gabrillo,2024-09-10T12:52:40,0,0
9.08517E+14,so bro can be normal sometimes,Cleo Kiplangat,2025-01-27T16:25:42,0,0
9.22922E+14,meow meow meow,Manjo Bosi Miraflor,2024-09-16T09:14:52,1,0
5.53957E+14,Meow meow meow meow,Serda JM,2024-09-12T22:05:55,6,0
4.92018E+14,paiyot,sun,2024-09-15T14:28:04,1,0
1.5094E+15,What's up nigga,Kenneth Guzman,2024-09-13T10:13:26,0,0
1.73976E+15,Ishowspeed I am called babulo73 in Roblox,Digi Set,2024-10-29T16:28:23,0,0
1.4369E+15,My favorite,Kelechi Umeh,2024-02-06T13:16:13,1,0
9.76631E+15,I will like to meet you one day my blood,M Aline Barry Barry,2025-03-30T09:45:14,0,0
1.00214E+15,"You do sometime many funny work but I know this, you are a honest man.",মায়ার পাখি,2025-04-09T20:57:01,0,0
8.08281E+14,Speeeed,Hélio António,2023-08-05T03:47:25,0,0
1.632E+15,Love spid from 🇲🇷🇲🇷🇲🇷,Pote Pnl,2024-04-27T02:27:09,0,0
8.38038E+14,What your phone number,Alyce Edgars,2024-08-11T18:42:47,0,1
4.20555E+14,Ishowthemeat,Alejandro Raphael Sanchez,2024-09-14T09:42:25,1,0
8.30727E+14,Not the backward's shirt 🤣,Mia Mutuku,2024-09-17T08:27:15,1,0
1.57523E+15,Meoww meowww speed,לל לל,2024-09-14T01:38:05,0,0
1.27011E+15,Bro's shirt is on the wrong side,Säm Lēstër Mønês,2024-10-12T17:43:13,0,0
3.44569E+15,Clean the fokin underarm!,Rafsaan Russell,2024-09-24T03:28:36,0,0
8.85245E+14,I love you 😽💟,Zahid Hasan,2024-06-15T21:17:42,0,0
2.11639E+15,were are you from,Mohammad Taj Alser Tixas,2024-07-09T20:24:42,0,0
1.13326E+15,Airports,Mohammed Taj Alser,2024-07-10T05:21:08,1,0
6.00516E+14,W speed,Jay Bantilan,2025-04-21T21:36:23,0,0
1.04075E+15,Meow²,Nilliecynth Bazar,2024-09-15T11:46:17,0,0
5.35631E+14,I show speed,Hndsme Myes,2024-08-24T15:15:08,0,0
2.08601E+15,suewee,Zach Sigmund,2023-12-10T21:34:51,1,0
8.65152E+14,meow meow..,Angelo Nicandro De Vera,2024-09-12T21:33:55,2,0
1.08657E+15,ISHOWSPEED DA BEST🔥🔥🔥,Logan Ok,2024-09-12T21:02:42,0,0
4.45065E+14,"Hey Speed, i'm your biggest fan your videos are funny and you always make my day! bye Speed seweyy!",Xyreen Melle,2024-04-08T20:21:15,2,0
9.20378E+15,Peace and Love ❤,Anaya Grace,2025-04-09T06:52:58,1,1
4.97785E+14,Meow meow,Romel Cahilig,2024-09-18T17:41:46,2,0
6.56235E+14,":You in Korean 
:niga.",Edrian Aban,2025-03-29T14:22:04,0,0
8.105E+14,I show meat,Jeryl Oro Yabo,2024-07-02T16:55:39,0,0
4.95341E+14,Vai genji ulta porsen,Fahat Bin Siam,2024-08-29T01:18:16,0,0
1.17324E+15,Hi show speed,Tai Ken Yamato,2025-03-27T06:50:39,0,0
6.48939E+14,Bro love Ronaldo?,Bhen Teens,2025-03-12T19:17:23,0,0
1.01542E+15,we made famous right person❤️‍🩹,Kawsar Hasan Sadik,2024-06-13T14:03:55,14,0
1.20626E+15,Love from Bangladesh 🇧🇩🇧🇩🇧🇩🇧🇩,HM Billal Hosen,2024-07-17T21:44:27,0,0
2.25419E+15,Speed can you buy a someee ps5,Jhonthyron G. Caballero,2024-06-05T11:36:57,0,0
1.22752E+15,you can eating a meow meow hahaha,JA Y CO,2025-04-04T06:21:43,0,0
8.96787E+14,"Hey nigga bro 
Love you bro 
Messi is best bro 🙂",KA IF,2024-07-17T23:20:28,1,0
8.09957E+14,i show meat,Alaa Amer,2024-09-03T04:04:42,0,0
9.61728E+14,Am in Ghana,Francis Ofori,2023-07-20T04:35:25,4,3
1.35826E+15,"Try checking how similar it is, hahahahaha",RY,2025-04-03T20:04:40,0,0
3.82891E+15,Oh my good ishowspeed I like you cause you like funny 🤣,Fū Dēskū,2024-09-25T20:57:17,0,0
3.83722E+14,Ilove you speedy boi!!,Jedrick Cabalic,2024-03-23T00:18:32,1,0
1.06703E+15,"Ishowspeed is really really cool in real life cause I meet him in real life,and Also Because I Meet Him Because He Visit to the Philippines🫶",Reyven G. Reyes,2024-10-01T22:50:58,0,0
1.33844E+15,Waiting you back to 🇮🇩,Benny S Jr.,2025-01-30T16:15:44,0,0
1.17863E+15,I'm your fan❤️,Seng E Lim Plaza,2024-09-23T22:30:23,0,0
8.27736E+14,Heshe...😹😹,Neat Gyökeres,2024-09-19T11:13:47,0,0
8.76326E+14,Philippines loves you more 💕,Eros Apollo,2024-09-15T11:08:04,0,0
3.59015E+15,Hey you speed i'm carl gabriel alegria how are you,Longlong Alegria,2025-04-10T19:25:45,0,0
8.86558E+14,Yowww speed you ask what is a book in gelburinia say knigaaaa yowwwww Ishowwspeed,Boss Niel,2024-09-14T19:44:19,0,0
1.37112E+15,Damn is that speed,Kiru Villaroman,2024-06-27T18:27:03,0,0
1.09927E+15,"My advice is to watch a video of advice  to live a perfect life. The advice channel is for me I wrote it on the official page of many world presidents and United union on Facebook and it includes a solution for me so that all the world can live in prosperity if they are all Muslims on the methodology of Quran and The Prophet Muhammad So all the food is divided among them equally, the big ones as the young ones, and the males as the females, and these are realistic solutions. These herbs can ben cultivated by divers in the sea and  we can provide it as animal feed and fish that eat seaweed. One fish lays thousands of eggs, and in this way we protect them from exposure to predators.
And in the wild, there is, for example, a herb called Blue Panic, a hectare feeds more than 500 sheep a year It is ground and fed to sheep, cows and poultry, and smart farms can be used for poultry and others animales and Each person obtains a cow, calf, or bull annually and for example, the ostrich bird lays 60 to 120 eggs per year and its weight reaches a quintal. Its meat is one of the most delicious meats, and its fat can be melted and used in some treatments and as an alternative to cooking oil. and There is enough groundwater in the world for people's needs for centuries. Likewise, grapes without pits, if planted by columns, the yield per hectare is 100 tons, and therefore each individual annually obtains large quantities of food.
Most males also cooperate in building modern and developed housing. When an individual reaches a certain age, he obtains his right to housing, for example, a luxurious apartment of 8 rooms with all its necessities of water, electricity and gas for free, and all services are free and The person does not work upon reaching a certain age or during disability Also, this knowledge that God has subjected to us, we must preserve it, so we take from the good of this knowledge and leave the bad of it, so the study is practiced in a normal way for whoever wants.

Also, the means of transportation is by express train, which operates with free magnetic energy, as it makes magnets in it and makes iron columns in its path along the way, which I watched on television, exceeding ce the speed of the plane, and it can be driven by satellite.                             
Note that pollution causes acid rain that affects the plant and the soil becomes sterile.
Also, the scholars muslims of the Sunnah  are the owners of the shura and the decision; they are merciful than a mother to her child, and all prisoners are released and all weapons are melted.
As for treating the plant and making it grow abundantly, one time I was watching a scientific documentary on a western channel, the subject of which was in ecology, where there was a forest in which wolves were, and when the wolves were killed, the deer increased, so they eat varieties of the plant, so other varieties disappeared that the deer did not eat.
So they concluded that there is such communication between plants, and physicists say that there is a similarity between the upper and lower world in some of the creatures, so I concluded that Paradise is surrounded by Sidr and basil, so it seems to me, and God knows best, that the plants are surrounded by Sidr and basil.
Also, the leaf of the plant or tree, when it withers and mixes with the soil, is a treatment for that plant or tree itself, taking into account the acidity of the soil suitable for that plant. And the best of righteousness is urgent, kindness and tolerance I recommend to you",Lahcene Guenchi,2024-03-18T07:29:43,1,0
1.72479E+15,ho is the goat speed,Friand Dlc,2024-10-23T08:26:44,0,0
4.1509E+14,Hi pls give me ps5 I want ps5,Peter Andrew Ottley,2024-09-18T00:01:13,0,0
8.29252E+14,1US = 4000 Cambodia note( 4000 Riel ),Chhun Any,2024-09-17T22:47:39,0,0
4.53403E+14,"#saveBangladeshstudent 
Speed bangladesh police, arm forces rapidly attacking all universities and kiling all of the students",Tanzim Shah Takib,2024-07-17T22:00:11,0,0
2.46223E+16,bark bark bark 🗣️🐶,Euhan Taboada,2025-05-09T22:43:08,1,2
5.30469E+14,"Yoo speed,come to Palawan in San Vicente you we'll see the longest Beach ever in the Philippines",Juzz Yayen,2024-09-14T09:44:02,0,0
2.67778E+16,ហែងកាលlive?,Sreang Tethsothea Lyheng,2024-09-16T21:54:13,0,0
8.94811E+14,An oily person is fierce,Raymark Silao Banton,2024-09-11T22:41:58,1,0
3.16205E+14,Cristiano ronaldo ❤️💪,Aimade Assagre,2023-11-19T12:59:04,2,2
2.3405E+15,"Ayo speed don't play RDR2 till the end.

#thankmelater",Augusto Mavie,2025-01-10T03:30:18,0,0
1.50964E+15,"muzułmanie często zarzucają Zachodowi agresję i powołują się na czasy wojen krzyżowych, inkwizycji i kolonializmu. muzułmanie jednak nic nie mówią o krwawej historii islamu. Wyznawcy tzw. “religii pokoju” są odpowiedzialni za bestialskie wymordowanie ponad 290 milionów ludzi!  To tej liczby należy doliczyć setki milionów obrzezanych dziewcząt, pozbawionych swojej kobiecości. Dziesiątki milionów ofiar niewolnictwa (Europa wschodnia i Bałkany w czasach kolonizacji islamskiej. Zobacz Wideo!) i miliony wypędzonych z własnych domów Chrześcijan. Każdego roku ginie za wiarę 170 tys. Chrześcijan. Codziennie przybywa więc 465 męczenników. 350 mln wyznawców Chrystusa w kilkudziesięciu krajach jest represjonowanych. Liczba ofiar islamu: 120 milionów Afrykańczyków (źródło: Woman’s Presbyterian Board of Missions, David Livingstone, strona 62, 1888). 80 milionów Hindusów (źródło: Koenard Elst, in Negationism in India, strona 34). 60 milionów Chrześcijan (źródło: David Barrett and Todd Johnson, in World Christian Trends AD 30 to AD 2200, strona 230. Również: Raphael Moore in History of Asia Minor). 10 milionów Buddystów (źródło: David B. Barrett, Todd M.Johnson, World Christian Trends AD 30-AD 2200, William Carey Library, 2001, strona 230, tabela 4-1). 220,000 Żydów tylko w jednym roku 1146 w Maroku (źródło: H. Z. Hirschberg, A History of the Jews of North Africa, 1974, strona 127-28). 17 milionów niewolników sprowadzonych do islamskich krajów (źródło: Thomas Sowell: Race and Culture, Basic Books, 1994, strona 188. Również:. Encyklopedia https://m.facebook.com/182944451832138/",Adam Budny,2023-12-18T23:58:40,0,0
1.13799E+15,Happy Birthday Man! 😊,Sanātanī Hêmêñdrå,2025-01-21T17:42:40,0,0
3.00912E+15,Come to Pakistan 👍,Ahmad Jamal,2025-02-02T22:49:46,0,0
3.99294E+14,speed im your biggest fannnnn brooooo......!!!!!!,Matt Darrel V. Umali,2024-09-16T16:39:21,0,0
1.45679E+15,abu flah,Pote Pnl,2024-04-27T02:28:34,0,0
9.69184E+14,منور ❤️,محمد الشبلاق'ق,2024-03-13T22:42:13,0,0
2.4072E+16,zupnigga,Gelo Sawi Sa Pag-ibig,2025-04-10T12:41:36,0,0
5.70046E+14,"Bro, change your profile picture, please! 😅 It's been the same for so long!",Musa Kasana,2024-12-14T17:46:29,0,0
1.21259E+15,I have a N-word pass,Marc Thomas Tungul,2025-05-03T09:33:54,0,0
1.35461E+15,rafraf,Paul DS,2024-11-27T00:08:48,0,0
9.79282E+14,Yoooeee mea-..speed you look good,Andrei Salazar Sabino,2025-05-04T06:44:20,0,0
5.42729E+14,Ishow speed I'm your biggest fan,Juleng Patiphon,2025-05-04T20:56:25,0,0
1.65286E+15,I love you bro❤👌🇩🇿🇩🇿✌,Ahmed Mokdam,2024-06-21T06:29:22,0,1
1.37023E+15,I'm the last one to leave a like you've surely noticed me ❤️🔥,Si Hle,2025-03-29T13:10:06,0,0
1.28201E+15,Lshowspeed!,Ricrom Sandigan,2024-09-22T19:33:52,0,0
1.12723E+15,"I remember, speed eating one chip challenge in youtube",Kìan Rèmanoque,2024-06-01T16:22:58,2,1
1.59432E+15,IShowSpeed brown 🟤🤎,Mark Ian Dela Cruz,2025-05-08T13:06:02,0,0
9.55112E+14,Perú is crazy men! 🇵🇪,Yair R'v,2025-01-29T12:25:41,0,0
3.70196E+15,arf arf,James Carter,2024-09-12T19:56:28,0,0
4.07927E+15,I show sponge my fan true name ishowspeed,Kenneth Yuson,2025-05-02T19:01:57,0,0
1.26808E+15,Daym baby 🩷🩷💞💞🤤🤤,KyngHershey Melanin,2024-12-07T03:49:50,0,0
9.92174E+14,Nooo way,ゝꜛR.eo み,2024-04-18T09:06:33,0,0
5.32117E+14,Yo that's really IShowSpeed?,Arlene Paz,2024-11-12T22:21:03,0,0
1.09255E+15,Dude got RKO,Jacobb Quinsay,2024-04-12T14:32:17,0,0
1.71732E+15,I show the meat 🍖😁,Anish Sk,2024-09-19T21:32:04,0,0
5.44151E+14,So cute speed 🥺❤️,La Yee Møn,2024-10-21T00:32:06,0,0
8.00667E+14,Cut bro !,Riphilo Dim's,2023-07-26T16:20:31,0,0
1.22781E+15,Speed visit in the bayugan city in the Philippines bro,Chary Mark Bacus,2024-09-11T22:01:30,0,0
5.30288E+14,Meow meow,វៀត៚ វាយុ៚,2024-09-15T11:49:26,2,0
1.24161E+15,ILOVEYOUUUUUVERYYMUCHH ISHOWSPEED,JohnCeasar Flores Vinuya,2024-09-12T12:44:37,0,0
3.87204E+15,Confirmed,Marial Mabor Majak,2025-02-08T03:43:56,0,0
1.6631E+15,Moi je le déteste 😡,Iza Bianze,2025-04-12T17:33:08,0,0
9.52293E+15,se parece un superhéroe de DC comics se parece Static Shock 🦸🏻⚡,Yordannis Yanez,2025-01-24T09:01:21,0,0
3.7159E+15,Yo negaman you are my hero! You litterally made my disabled grandfather walk again when he see's me watching you on youtube! Thank u! He get to walk again just to unplug my computer!!!,Jaymar Sarmiento,2024-09-12T08:46:35,10,0
1.83159E+15,hello king speed,Hyro Tioo,2024-12-04T16:41:55,0,0
1.85816E+15,My favorite YouTuber my favorite streamer the best in the world,T Lumex Tana Bee,2025-05-22T18:49:51,0,0
9.98437E+14,ស្អាតប្រូ,Chea Somnang,2024-08-25T20:22:08,0,0
5.14742E+14,Speed same fan of soccer of the goat Ronaldo,Cedric De Vera,2024-12-22T21:56:34,0,0
1.18216E+15,مت,عبودي الشبلاوي,2025-03-19T19:26:00,0,0
1.38583E+15,Why you got your vest inside our bro?😂,Everson Gimson,2025-03-30T02:12:36,0,0
2.43356E+15,Yooo your coming to philiphines,Oliver Shen Playz,2024-09-12T18:44:18,0,0
4.73907E+14,"How was it to visit the Norwegian vikings 😅 I thought you was acting like a typical soccer player 🤔 Hell no 🫨
Next time you visit Norway, go north west. Oslo is like Valhalla 👹
Good recovery 🍀🌞🙌",Ronny Almsbakken,2024-07-04T04:56:42,0,0
1.35245E+15,Eyy dude how are you idol i miss you're contents I'm a fan of yours and supporter i hope you see my comment idol speed,Zion Carl Panggo,2025-04-18T10:37:28,0,0
1.19637E+15,Congratulations 👏👏👏👏,Leo,2024-09-25T20:23:46,0,0
7.32365E+14,Speed is the best YouTuber in the world,Kiru Villaroman,2024-06-27T18:27:57,0,0
8.47343E+15,I am biggest fan in the world,VE IN,2024-09-18T14:33:06,0,0
1.73369E+15,nice profile picture bro really handsome,Aaron Ilao,2025-05-23T14:24:58,0,0
6.29601E+14,"uuiia uia ia uia iu ia, iaa uiia uia ia uia iuia..",Стивен Пиотровский,2025-03-30T01:04:33,0,0
9.2755E+14,Speed come to carbon public market ride into my ebike,Skwartie Azarous,2024-09-25T18:14:35,0,0
1.17983E+15,U r cute my boy speed,Røbêrtø Īmøl,2024-05-05T20:19:09,0,0
1.1267E+15,my Idol u r so beautyful😗😍,Khødærk Kdœ,2024-05-06T15:23:18,0,0
1.00626E+15,Sta pa tora kuwana ki wachom (only Pathan) 💀😂,شان بنگش,2024-05-22T22:02:57,0,0
2.62145E+15,I give you 500 star speed,Lexter Fernandez,2025-03-29T13:58:49,0,0
1.23814E+15,Grabe way panglug0d,Rovinfloyd DE Comboy,2024-09-14T10:45:57,0,0
1.16629E+14,You are my role model speed🤞😭❤️,IG Lørd Påt,2023-07-20T02:17:41,1,0
6.40349E+14,Arf arf arf 🐶,Daryl Estevan,2025-04-03T16:47:17,0,0
3.9937E+14,Siuuuuuuuuuu 🇵🇹🇵🇹🇵🇹❤️❤️🐐🐐🐐🐐❤️🇵🇹,Kweyla Gcukumani,2024-04-26T14:14:13,0,0
6.73228E+14,My idol speed,Janbert Wagas,2025-05-27T04:09:43,0,0
7.16754E+14,উলটা সেন্টু গেনজি পরছে😂,Sadman Shuvo,2024-04-08T20:52:54,0,0
8.32328E+14,ishow before he becoming speed,Anas Tarek,2024-09-22T06:07:04,3,0
5.26648E+14,Grande,Osmer Rivera,2025-01-18T10:16:22,0,0
1.11941E+15,I Love you speed of my life🖤🔥,Ly Asher,2024-12-14T07:37:31,0,0
8.47601E+14,"#Save_Bangladeshi_students✅
#ALjazerra✅
#Bbcnews #CNN✅ #TheWashingtonPost✅
#TheNewYorkTimes✅ #TheGuardian✅
#BBC #AlJazeeraEnglish✅ #TheWallStreetJournal✅
#CNBC #DhruvRathee✅ #UnitedNations✅ #NewYorkTimesOpinion✅
#ABCNews #NewYorkPost✅ #ProjectNightfall✅
#AbhiandNiyu✅ #QuotaReformProtest✅ #DhakaUniversityUnderAttack✅
#DUUnderAttack✅
#QuotaReformMovement✅
#savebangladeshalluniversitystudents✅
Please saves our university Brothers &sisters 🇧🇩",Shamim Ahammed,2024-07-18T03:30:27,0,0
1.70055E+15,"#Save_Bangladeshi_students✅
#ALjazerra✅
#Bbcnews #CNN✅ #TheWashingtonPost✅
#TheNewYorkTimes✅ #TheGuardian✅
#BBC #AlJazeeraEnglish✅ #TheWallStreetJournal✅
#CNBC #DhruvRathee✅ #UnitedNations✅ #NewYorkTimesOpinion✅
#ABCNews #NewYorkPost✅ #ProjectNightfall✅
#AbhiandNiyu✅ #QuotaReformProtest✅ #DhakaUniversityUnderAttack✅
#DUUnderAttack✅
#QuotaReformMovement✅
#savebangladeshalluniversitystudents✅
Please saves our university Brothers &sisters 🇧🇩",Shamim Ahammed,2024-07-18T03:30:25,0,0
4.97566E+14,"#Save_Bangladeshi_students✅
#ALjazerra✅
#Bbcnews #CNN✅ #TheWashingtonPost✅
#TheNewYorkTimes✅ #TheGuardian✅
#BBC #AlJazeeraEnglish✅ #TheWallStreetJournal✅
#CNBC #DhruvRathee✅ #UnitedNations✅ #NewYorkTimesOpinion✅
#ABCNews #NewYorkPost✅ #ProjectNightfall✅
#AbhiandNiyu✅ #QuotaReformProtest✅ #DhakaUniversityUnderAttack✅
#DUUnderAttack✅
#QuotaReformMovement✅
#savebangladeshalluniversitystudents✅
Please saves our university Brothers &sisters 🇧🇩",Shamim Ahammed,2024-07-18T03:30:21,0,0
5.73041E+14,Niga mannn tumigil ka,Andy Mark Apostol,2025-04-03T10:29:21,0,0
3.86703E+15,I love speed,Soultary Gunkidd,2024-09-28T09:12:18,0,0
1.02398E+15,"Big Fan bro.🙌
Take love from Bangladesh ❤🇧🇩",Abhinaba Roy,2025-05-04T14:21:43,0,0
1.81268E+15,Taonga 🇱🇾🇱🇾🇱🇾🤣🤣😤😤😂🍐🍐🍓🍞miaye🍟🥙🥗🍲🥪🥩🥓,Taonga Thewe,2023-11-28T17:56:49,1,0
1.70746E+15,Niganey,Sam Mariano,2025-05-16T14:56:53,0,0
1.04624E+15,God bless you,Jessie James,2024-09-18T20:25:32,0,0
6.57013E+14,I'm sure you know Bron breakker,Këfilwë Machele,2025-02-04T02:19:18,0,0
9.73272E+14,Arf arf arf arf arf arf arf arf arf arf arf arf arf arf arf arf arf arf arf arf arf arf arf arf arf arf arf arf arf arf arf arf arf arf arf arf arf arf arf arf arf arf arf arf arf arf arf arf arf arf arf arf arf arf arf arf arf arf arf arf arf arf arf arf arf arf arf arf arf arf arf arf arf arf arf arf arf arf arf arf arf arf arf arf arf arf arf arf🐕,John Paul,2024-05-27T10:11:08,0,0
9.06151E+14,Lods dto dayo samin,R-jay Lampa,2024-09-19T11:37:28,0,0
1.6587E+15,Ishowspeed,Jobair Liman,2025-01-13T23:49:00,0,0
4.46441E+14,Forget about football come in wwe you are agood wrestler too😂😂😂,Binay Acharya,2024-04-08T11:38:00,11,0
9.4062E+14,ن,عبودي الشبلاوي,2025-03-19T19:26:26,0,0
9.90876E+14,The day speed got swatted,Bradley Thorne,2024-05-25T02:52:43,0,0
4.1592E+14,bro looks cool bro,Estela Ndaun Dacillo,2024-07-14T18:37:41,0,0
3.42578E+14,NIGAAAAA •-•,ヾひ꯭遊 RANOU く画ぷ,2024-06-15T14:17:05,0,0
5.01114E+14,Location please 😂,Part Genabe,2025-03-09T15:55:16,0,0
1.47849E+15,Looking like a poop 😂😂,Tasnim Latife,2024-06-06T15:04:47,0,0
5.51484E+14,Gwapo boss speed!,Charles F Reguindin,2023-07-15T22:48:53,0,0
3.83162E+14,Brad parang nasaag kas imo nina da🤣✌️,Bev Er Ly,2024-09-25T05:49:00,0,0
1.01308E+15,Great picture 💕,Branden Smith,2025-03-27T07:39:49,0,0
8.19725E+14,Azaa Azaa anda camtai toste haragdd bhi,Н. Айболат,2024-09-24T21:36:00,0,0
3.07086E+15,Go in Philippines,Julius Mendones,2025-03-11T19:16:24,0,0
1.15414E+15,Thanks for coming to Philippines dawg,Jolo Camas,2024-09-12T20:58:49,0,0
5.39431E+14,خ,عبودي الشبلاوي,2025-03-19T19:26:06,0,0
3.61522E+14,kaon,Kiven Badayos,2024-08-02T18:55:39,0,0
1.95738E+15,Em sory,Irfan Rar,2024-06-12T07:57:00,0,0
9.79834E+14,ه,عبودي الشبلاوي,2025-03-19T19:25:53,0,0
5.75816E+14,ت,عبودي الشبلاوي,2025-03-19T19:26:01,0,0
1.82183E+15,Negeney² ney ney negenege ney ney.,Christian Grande Manguilimotan,2025-05-04T11:11:31,0,0
1.97327E+15,Hello brother IShowSpeed hopefully you safe now 😇❤️,Kint Lloyd Siodina,2024-09-12T22:21:33,0,0
1.10044E+15,Speed Baby 🖤🖤🖤,Soe Moe Paing,2025-05-30T20:02:56,0,0
4.50417E+14,thank you for eating the meow meow food 😘,Jay Ar 󱢏,2024-09-18T19:40:51,0,0
3.5878E+15,Hi bro,Francis Ofori,2023-07-20T04:34:53,0,0
1.55861E+15,Niggaaaaa,Cris Dangelo Reboquio,2023-12-12T07:53:36,0,0
2.11511E+15,World best 💪💪,Destiny James,2025-04-12T03:33:40,0,0
1.33953E+15,What the f*uck bro you're likes bro this real you're so awesome bro💀,John Rainiel M. Curambao,2024-11-17T01:47:02,0,0
1.57253E+15,Are you going to the Philippines HAHAHHA?,Zynn Aldrian Cabico,2024-09-17T04:44:02,0,0
1.13333E+15,iShowMeat,Ramon R Joestar,2024-05-10T12:05:15,0,0
8.65552E+14,Speed I love uh broooooooooooooooo❤️❤️❤️❤️❤️😱😱😱😱,KADIJE ɪɪ,2024-09-18T23:38:14,1,0
1.37215E+15,Hala Bogoler bal kat,Anik Mahmud,2025-01-23T13:38:42,0,0
3.40629E+14,wow you are handsome 😲😲 really 😂😂,Mohammad Taj Alser Tixas,2024-07-08T20:26:21,0,0
1.77226E+15,I'm ervie my FLag is a Philippines ay fan of you,Ervie Vertical,2025-01-13T17:16:58,0,0
1.75433E+15,muntite,Acé Mazdo,2025-02-09T16:36:36,0,0
1.37222E+15,تى,عبودي الشبلاوي,2025-03-19T19:26:35,0,0
1.90028E+15,“Hindi ako sasuke!”,Clarence Earl,2024-09-19T03:01:47,1,0
6.49287E+14,تن,عبودي الشبلاوي,2025-03-19T19:26:28,0,0
1.03053E+15,dit me speedd,Dinh Thuong,2024-07-30T09:45:50,0,0
8.23367E+14,ا,عبودي الشبلاوي,2025-03-19T19:25:59,0,0
1.02521E+15,عه,عبودي الشبلاوي,2025-03-19T19:26:25,0,0
1.24742E+15,خهع,عبودي الشبلاوي,2025-03-19T19:26:08,0,0
8.22914E+14,Pogi mo Kyle,Kristian Jay Pugal,2024-09-12T14:21:18,0,0
1.22941E+15,Santay santay,Kyy Collbet,2025-03-21T19:27:43,0,0
9.66105E+14,Gg,Faro Alfaro OK,2024-12-10T21:50:02,0,0
1.12835E+15,"I remember, speed react thier ksi head HAHHAAH",Jedrick Cabalic,2024-03-23T00:17:28,31,3
1.01826E+15,Yung t shirt mo baliktad,Denver Jay Sitanos,2024-09-14T06:17:24,0,0
1.20729E+15,الهيب هيب هيب,Bayaji Ali,2025-05-30T14:05:13,0,0
1.19466E+15,نه,عبودي الشبلاوي,2025-03-19T19:25:58,0,0
1.06793E+15,Salken indonesia 🖐️,Kamarudin Nasution,2024-09-26T22:29:27,0,0
9.82332E+14,El hijo perdido de Ronaldoooooooooo!!!!! 💆🏻‍♂️🙏🏻🙏🏻,جيو قلعة نوفا,2024-08-05T04:13:07,0,0
1.44054E+15,هه,عبودي الشبلاوي,2025-03-19T19:25:57,0,0
2.39672E+15,Im your big fan from Philippines im already subscribe to your youtube.. suiiii,AC Technician,2024-04-24T16:39:39,0,0
2.32783E+15,ASUNG ULUL  🐕 🐶,Cruzz Jervin,2024-09-18T23:35:28,0,0
3.22078E+14,Eyy my fav. Youtuber i show speed christiano ronaldo suii,Clive Zaijan Lopez,2024-03-19T22:03:08,0,0
1.47263E+15,Tu es jamais concerné toi 😂,Ib Sangaré,2023-11-01T15:39:38,1,0
1.02483E+15,Về việt nam chơi men 🤣,Hồ Xuân Hưngg,2024-09-11T14:19:23,0,0
1.02404E+15,"Our Prime Minister Sheikh Hasina kill*ng innocent students of Bangladesh. Save our students. Its a gen*cide.
#SaveBangladeshiStudents #savestudents #savebangladeshalluniversitystudents",Rayzon Leon Williamson Niloy,2024-08-05T06:43:32,0,0
1.72316E+15,That is Two ✌️ men🤙,Bik La,2025-04-28T17:47:58,0,0
6.72319E+14,ع,عبودي الشبلاوي,2025-03-19T19:26:05,0,0
1.26557E+15,arf arf 🐶🐶,Josh Mampusti Nasam,2024-09-11T19:11:31,0,0
2.26787E+15,yes the now,Mohammed Taj Alser,2024-07-10T18:35:37,0,0
1.21421E+15,The best youtuber,Youppi X Youppi,2025-04-04T21:58:14,0,0
9.47846E+14,اتنين بس 😂,مــصــعــب حــمــد كردفانـــيـستا,2025-05-03T07:00:26,0,0
1.14659E+15,ملا ضبوط😂,ياسين تلييش,2025-01-30T03:41:00,0,0
1.76043E+15,Arrh arrh a bark¿¿¿,Rix Travis Malaque,2025-05-21T15:00:12,0,0
1.76591E+15,pozdro pokazujeszybkosc,Cyprian Galicki,2023-12-12T17:15:20,0,0
1.19199E+15,Sumbagay ra,Løuie Gallo Simborio,2024-09-12T21:36:43,1,0
3.09509E+14,😁cute✌😍,Nuam Moana,2023-07-30T16:50:41,10,6
1.21092E+15,I love you speed❤❤,Soe Moe Paing,2025-05-30T19:58:31,0,0
1.2798E+15,Soweeee HAHAHA,Erick Peregrino,2024-11-14T07:15:57,0,0
5.44251E+14,meow meow meow meowww,Derek Emmanuel Quipanes Tupaz,2024-09-17T00:08:32,0,0
1.01519E+15,Tangina baliktad pa yung damit,Santoshii Zvxc,2025-04-12T14:57:45,0,0
1.0187E+15,"You are came in Royal Rumble indianapolis, you're great.",Wesley Carlos,2025-02-05T10:49:47,0,0
6.14323E+14,rising fan dinaman ako nanunuod sayu,Yexsha Lei,2025-01-27T20:03:09,0,0
6.47628E+14,هع,عبودي الشبلاوي,2025-03-19T19:26:32,0,0
1.26961E+15,Bid starts at 50 dollars,Rabin Feniquito,2023-12-12T08:48:16,2,1
1.0741E+15,ทิวาสวมสวงววใงฝฝฝฝฝ,หนมตะโก้ ธัญญ์ภิษิตฐ์,2025-04-17T21:20:55,0,0
1.14172E+15,Kala,Rakib Hasan,2025-01-27T18:56:22,0,0
2.69863E+16,"Para sayu - (Meow meow fx) Ang laban  
Nato (meow meow) fx",Djrandy Taneo,2024-09-13T12:12:24,8,0
6.05853E+14,lòvè yòu śpeed!,Sissy Smith,2025-01-28T09:57:29,0,0
1.14672E+15,هيج,عبودي الشبلاوي,2025-03-19T19:26:50,0,0
1.031E+15,"Why they'll hate u asf?
Dude ure my real ni*gas i lovee you bro!,cause everytime that ive watch u on ure yt,nah i literally smile even tho,ama mad at.",Dio Zposo,2024-09-17T13:40:59,2,0
5.29293E+14,Cuando veo a Speed me imagino a un perro ladrando 😔,Luciana Zuloavi,2024-11-07T10:24:34,0,0
1.34776E+15,i love you. Speed and Ronaldo🥹❤️🫰,Ko Ma,2025-02-08T21:14:18,1,0
5.50647E+14,Hey speed i saw your twin😅,Christian Sacayanan,2024-11-09T12:27:20,0,0
1.68949E+15,"Following the advice to live in an a perfect life. The machine becomes serving humans. For example, there are luxury auto self-driving electric car 
connecting by satellite and thus there are no traffic  accidents on the roads due to the precision of the automated driving , and machines are used  artificial intelligence to build housing alone. However, the cooperation of people outweighs machines in this specialization, and housing is built like Tokyo, for example, houses resistants earthquake. If we evaluate the luxury apartments in some countries, they are worth about 200 millions dollars , and with cooperation, water is delivered and projects are built with the intention of lasting for generations for many years, without waiting for the financial cover of the projects, knowing that the economy has problems, and if what I said is not applied, the rich will take over most of the agricultural lands, and most of them will not benefit. Some of them are due to competition and lack of purchasing power.",Lahcene Guenchi,2024-03-18T07:30:15,1,0
5.37564E+14,Hi speed go to beach end halo halo,Mar Bren,2024-09-28T20:24:40,0,0
1.10607E+15,congratulations for creating new page in  Facebook platform,سودا ني اصيل,2024-03-23T10:33:04,1,0
2.40097E+15,"Foto prasejarah Tahun ""1862""🗿😂😁🙏",M Haikal Z,2024-09-30T20:23:47,1,0
8.15782E+14,How much for the monkey?,Julian John Crescini,2023-12-12T11:08:19,0,0
8.35214E+14,"brad speed, na bali naman lagi nang sinina nimo? Haglok ka minoon",Adopanami Logroño Kapoybalhin,2024-09-26T18:40:01,0,0
2.45275E+15,ديباردار راه ڨالبه,ᎽᎯᏨᎨᏁᎬ く䄟ཬྀ 🖤🪽,2025-04-04T21:24:55,0,0
1.09921E+15,"Ishowspeed ❎
Weseeniqqa✅",Justine Hilaria,2023-12-12T17:13:13,2,0
6.13059E+14,nei nei nei nigga nei nei nae nigaa nei,Md Polash,2025-01-28T21:00:20,0,0
9.88034E+14,Cristiano Ronaldo love you, Md Munim islam 󱢏,2024-04-24T01:09:30,0,0
1.63192E+15,"Thank you brother for standing by the students of Bangladesh
🇧🇩🇧🇩🇧🇩🇧🇩🇧🇩🇧🇩🇧🇩🇧🇩🇧🇩🇧🇩✊
Love u brother ❤️🖐️",MD Atik,2024-07-19T06:16:01,0,0
5.61548E+14,Speed bro well come to Myanmar IShowSpeed,Lau Re,2024-09-25T12:29:35,0,0
1.57749E+15,Yoo speed it me cr7 Jr  remember that match 😆⚽💀 I killed you,Lucus LJ,2024-09-20T01:57:23,0,0
3.67983E+15,Leonel night mare,Äsk Øf Bäddö Çäshäpp,2024-05-12T04:33:43,0,0
2.61156E+14,Cute nemen nyern😚,Erica Inubay,2023-08-11T15:52:30,1,0
2.73891E+15,وا جنينة,Saad Aldin Osman,2025-04-12T19:59:29,0,0
1.78216E+15,IShowSpeed bule,Lut'fi,2025-04-26T19:27:09,0,0
6.7256E+14,Messi is better than Ronaldo,Fopah Branly,2025-04-03T01:09:32,0,0
1.18924E+15,Ito ang nega,Paul Ang Relab,2024-09-13T22:29:16,0,0
3.42773E+15,Philippines will missyou ❤️😅,Marcos Bangag,2024-09-15T06:55:30,0,0
7.20123E+14,No no no nooo noooo,Tasnim Latife,2024-03-26T04:52:19,0,0
1.23975E+15,I'm your bro big fan🥺,Shacha Gyaltshen,2024-07-14T00:42:13,0,0
3.03683E+14,"Hey, dude, can we talk about the mellstroy contest? if you're interested, let's continue, write to me on Instagram to_get_upset or reply here,",Miya Elagina,2024-03-07T17:36:05,0,0
5.03629E+14,Namali man kag sanina bai,Chaddy,2024-09-13T13:39:02,0,0
7.1804E+14,Wof wof,Kent Shady,2025-05-11T02:03:36,0,0
5.68087E+14,سبيت ي شتت,ليفاي ۦۦۦ,2025-04-12T17:43:33,5,0
1.67105E+15,Yo speed what's up brother much love. Yo boi Johny,Xavi Ronaldo,2024-06-25T01:15:06,0,0
6.76181E+14,Speed I want a race with you,Kayla Sebastian,2025-03-08T23:16:51,0,0
1.04836E+15,Siiiiuuuuuuuuuuuuuuuuuuuuuuuuuuuuuuuuuuuuuuu 🇵🇹🇧🇩🇧🇩,A.H. Abir,2024-05-02T14:55:32,0,0
1.25281E+15,Huge nose huge difference,Brian Iee,2025-04-17T03:36:24,0,0
6.60425E+14,Twin,Edwin Jehumat,2025-03-20T18:52:21,0,0
5.35221E+14,Ishownigga,John Rafael Nogas,2024-09-12T10:09:21,0,1
1.23082E+15,Speed 😂😂 siiuuuu my rolemodel for gaming video creater❤.,Elihle Majozi,2023-09-24T15:15:23,0,0
1.47603E+15,As Will IshowSpeed Am Your Fan Am by Mozambique🇲🇿🇲🇿.  too Am fan By Cristiano Ronaldo,Cris Tiano,2024-01-25T18:48:51,0,0
6.44782E+14,SPEED ARE YOU FOR REAL I AM YOUR FANNNNN NNNNN NN,Gray Sprunki,2025-04-03T19:22:18,0,0
2.04047E+15,نخره كوبس.,김.ヽᎷᎫᎠᏆ ꞈ ꗄ,2025-04-12T19:32:41,1,0
6.90983E+14,Why is there a black coal in top of your middle finger,Darrel Matt,2025-04-01T21:20:54,0,0
5.81158E+14,Abing John Niño Mj Hiyas Mark Joseph Javier  Si niño mga bro,Santhaniel Batalon,2025-04-09T10:12:42,1,1
6.53598E+14,"IShowSpeed
Islam",Regular Man,2025-02-07T07:47:58,0,0
6.08975E+14,"Thank you Darren Jason Watkins, por Venir a Perú. Saludos a la familia 🤙",Matt Ellsworth Dammert,2025-01-31T10:13:55,0,0
9.51997E+14,You are a good human being. We love you for supporting Palestine,Zawad Ahmed Efty,2025-04-03T03:25:09,0,0
3.79501E+14,,Jay Son,2023-12-12T18:29:46,4,0
6.00788E+14,Whats up with the black dot on your finger bro???,Davis Ashel,2025-01-30T23:06:05,0,0
3.99542E+15,🐒🦧🐴🐂🦫,Nabel Khalil,2025-03-24T12:25:12,0,0
2.37218E+15,,Pablito Trevi Jr.,2024-10-13T00:30:36,0,0
8.0251E+14,"#SaveBangladeshStudets

#SaveBangladeshStudets

#SaveBangladeshStudets

#SaveBangladeshStudets

#SaveBangladeshStudets

#SaveBangladeshStudets

#SaveBangladeshStudets

#SaveBangladeshStudets

#SaveBangladeshStudets

#SaveBangladeshStudets

#SaveBangladeshStudets

#SaveBangladeshStudets

#SaveBangladeshStudets

#SaveBangladeshStudets

#SaveBangladeshStudets

#SaveBangladeshStudets

#SaveBangladeshStudets

#SaveBangladeshStudets

#SaveBangladeshStudets

#SaveBangladeshStudets

#SaveBangladeshStudets

#SaveBangladeshStudets

#SaveBangladeshStudets

#SaveBangladeshStudets",NayeM Khan,2024-07-18T17:23:53,0,0
1.14129E+15,"#SaveBangladeshStudets

#SaveBangladeshStudets

#SaveBangladeshStudets

#SaveBangladeshStudets

#SaveBangladeshStudets

#SaveBangladeshStudets

#SaveBangladeshStudets

#SaveBangladeshStudets

#SaveBangladeshStudets

#SaveBangladeshStudets

#SaveBangladeshStudets

#SaveBangladeshStudets

#SaveBangladeshStudets

#SaveBangladeshStudets

#SaveBangladeshStudets

#SaveBangladeshStudets

#SaveBangladeshStudets

#SaveBangladeshStudets

#SaveBangladeshStudets

#SaveBangladeshStudets

#SaveBangladeshStudets

#SaveBangladeshStudets

#SaveBangladeshStudets

#SaveBangladeshStudets",NayeM Khan,2024-07-18T17:23:45,0,0
1.62924E+15,"#SaveBangladeshStudets

#SaveBangladeshStudets

#SaveBangladeshStudets

#SaveBangladeshStudets

#SaveBangladeshStudets

#SaveBangladeshStudets

#SaveBangladeshStudets

#SaveBangladeshStudets

#SaveBangladeshStudets

#SaveBangladeshStudets

#SaveBangladeshStudets

#SaveBangladeshStudets

#SaveBangladeshStudets

#SaveBangladeshStudets

#SaveBangladeshStudets

#SaveBangladeshStudets

#SaveBangladeshStudets

#SaveBangladeshStudets

#SaveBangladeshStudets

#SaveBangladeshStudets

#SaveBangladeshStudets

#SaveBangladeshStudets

#SaveBangladeshStudets

#SaveBangladeshStudets",NayeM Khan,2024-07-18T17:23:38,0,0
1.40197E+15,,KO San,2024-03-14T12:04:24,1,0
5.03488E+14,,Nha Karch,2024-07-29T16:40:24,0,0
1.50193E+15,,Txaw Zin Moe,2024-06-08T10:33:34,3,0
8.41315E+14,,Pusang G Gala,2024-09-25T18:56:20,0,0
1.00374E+15,,Princess Jan Shairyn Sytian,2025-03-07T23:01:46,0,0
9.7227E+14,🧘🏽‍♂️,Ukm Udkm,2023-07-24T05:19:01,0,0
1.83634E+15,,Bayrmaa NasanOlzii,2025-04-14T23:14:18,0,0
1.44748E+15,,Deland Haboc,2023-07-16T08:40:48,7,0
1.06242E+15,,Ben Zhabzz,2024-09-19T15:42:44,1,0
7.74942E+14,,John Mark Paculaba,2024-09-13T11:15:00,0,0
5.21829E+14,#savebangladeshstudents,Roxen Rohit,2024-07-17T21:40:15,0,0
8.9572E+15,#IShowMeat,Labib Anjum,2025-01-28T23:32:53,0,0
7.60179E+14,,SA Mim,2024-05-29T18:33:30,0,0
1.08655E+15,,Hdytt Toll,2024-09-23T19:56:27,0,0
1.04493E+15,🥰❣️,Ave Lline Kene,2024-09-21T01:33:00,0,0
8.35182E+14,,Joe Medina,2024-06-02T09:54:04,0,0
1.10169E+15,,Ye Marn,2024-01-24T15:47:38,0,0
1.08234E+15,,Aeron John Vales,2025-05-15T22:37:04,1,0
3.75214E+15,#savebangladeshistudents,Kusal Biswas,2024-07-18T05:18:36,0,0
3.40621E+15,#savebangladeshistudents,Kusal Biswas,2024-07-18T05:18:33,0,0
5.49005E+14,,Rajan Kumal,2024-09-19T17:19:03,0,0
2.72682E+15,,Junaid Akib,2024-06-03T10:14:42,1,0
8.72449E+14,,Ton シ,2024-09-12T02:37:41,0,0
8.2107E+14,,Mahadi H Adhon,2024-08-28T17:22:27,0,0
1.08333E+15,,George Hernández,2024-04-06T06:21:23,0,0
1.80437E+15,,Justine Earl P. Madronero,2024-08-31T14:10:34,0,0
3.45895E+14,, Md Munim islam 󱢏,2024-06-09T19:59:40,1,0
8.35672E+15,,Md Momin Khan,2024-06-09T17:37:51,0,0
1.68456E+15,♥️👉,بسم الله حبیبی,2023-07-30T04:02:00,0,0
3.00446E+14,👉♥️,بسم الله حبیبی,2023-07-30T04:01:53,0,0
1.72023E+15,✌️,Keenan Gureny,2023-07-29T00:26:08,0,0
2.73913E+14,,David Rayhan,2024-05-31T20:43:05,0,0
1.27297E+15,,Robert Rene Contreras,2024-12-30T17:50:32,0,0
5.81313E+14,,Swangu Tëd MarvelMthethwa,2024-12-26T19:59:34,0,0
1.07523E+15,,Zaw Phyo Paing,2024-09-25T00:40:32,0,0
7.31253E+14,,Arian Kennedy,2023-12-11T22:09:02,4,0
9.74292E+14,🤗🌺,SP Sayed,2024-06-30T18:30:44,0,1
8.71309E+15,,Hak Bun Tii,2024-09-21T12:03:32,0,0
9.25518E+15,,Jonathan Jones,2025-05-03T08:21:50,0,0
8.98546E+14,🐒,Harry M Kgopa II,2025-01-18T16:34:41,0,0
1.20907E+15,🌷,Kaya Saki,2024-09-24T16:46:06,0,0
3.87307E+14,,ロンメル 火曜日,2024-09-13T00:29:23,0,0
1.23351E+15,,George Manlangit Doctora,2024-12-06T03:33:51,0,0
4.6731E+14,,Esguerra Harold,2024-06-08T01:18:38,0,0
8.44064E+15,🤍🤍,Sa Fa Y At,2024-10-14T17:04:10,0,0
8.53425E+14,😅😅🤣🤣🤣🤣🤣,Saad Baladi,2023-08-26T21:16:37,0,0
7.88841E+14,😅😅🤣🤣🤣🤣,Saad Baladi,2023-08-26T21:16:21,0,0
1.23359E+15,🤣🤣,Saad Baladi,2023-08-26T21:16:02,0,0
1.20756E+15,,Thallia Gascon,2025-05-10T20:42:25,0,0
1.2177E+15,,Ikmal Tzy,2024-09-26T03:55:18,0,0
9.30616E+15,,Lexter Fernandez,2025-03-29T13:58:24,0,0
4.65938E+14,,Allan Linda,2024-09-18T15:24:11,0,0
1.20585E+15,,Hem Let Moirangthem,2025-03-27T14:08:14,0,0
5.37123E+14,🥰🥰🥰🇰🇭,UM Vila,2024-09-19T10:11:56,0,0
1.03745E+15,❤️❤️❤️,Kint Lloyd Siodina,2024-09-12T22:21:21,0,0
1.03289E+15,💛💛,Sok Sinath,2024-09-17T15:28:00,0,0
4.70972E+14,,Ace But Qurnte,2024-05-12T19:47:00,0,0
3.97591E+14,,Kavindu Gayan,2024-04-29T19:27:28,0,0
4.43049E+14,❤️,Visal MorningStar,2024-10-16T23:14:40,0,0
2.09539E+15,🇿🇦,Mlu Rh,2024-03-31T04:35:02,0,0
1.27173E+15,🎀,Peaky Art Codm,2024-12-02T02:13:48,0,0
2.92963E+15,✌🏿🐵,Whenzley C. Talabucon,2024-11-16T08:54:56,1,1
2.23815E+15,❤️❤️❤️❤️,Sahil Khan,2024-08-27T22:52:18,0,0
9.31825E+14,♥️♥️🇺🇲🇻🇳✌️,Nguyễn Đăng Khôi,2024-03-19T21:43:50,0,0
2.0438E+15,👉https://www.facebook.com/share/v/18dQZhZ9AB/?mibextid=rS40aB7S9Ucbxw6v,Aude Ad,2025-01-15T14:51:19,0,0
4.4441E+14,❤️,Khan Haseeb,2024-06-14T11:51:26,0,0
9.81982E+14,🪒,Mohau Modavor,2024-12-29T20:05:51,1,0
1.88464E+15,♥️♥️♥️,Preshie Presh Presh,2025-03-30T01:42:20,0,0
5.81041E+14,💚💙💙,Shelton Ckrazy ➝🩷🥹🫗,2025-01-06T03:35:37,0,0
1.43425E+15,🇧🇩🇦🇷🤗,Mohammad Hossain Shanto,2025-03-22T10:44:50,0,0
4.11267E+14,,Daryl Baranggan,2024-09-12T17:56:12,0,0
2.08745E+14,🤣🤣🤣🇧🇷🤣🤣,Ãhãdül Isläm Khãn,2023-07-30T12:06:37,0,0
7.7138E+15,🗿,Sinaf Mollik,2024-06-13T14:14:56,0,0
1.44836E+15,🫵🤣,Edison Cuaton Mahusay,2024-05-05T14:37:32,0,0
1.00144E+15,❤️❤️❤️❤️,Donald Bophelo󱢏,2024-06-25T14:39:39,0,0
9.71636E+14,🇿🇲✅,Reels Chito,2024-07-04T23:09:50,0,0
8.82781E+14,❤❤❤❤❤❤❤❤❤👍👍👍👍,Ярослав Мартынов,2024-05-18T21:17:29,0,0
1.18278E+15,🇮🇩,Ariel Ardiansyah,2025-03-11T06:03:37,0,0
8.05355E+15,❤️🥰❤️🥰,─ UR SIMRAN➛🪻🩷🪽,2024-07-27T08:34:39,0,0
3.81569E+14,"Bangladesh is not good bro...
We need your help, please! Our medias are not supporting us.Although they want to support us,but they are afraid of about our government! We badly need your help! They again attack on students today! We are helpless, please!

We want justice 

#SaveBangladeshiStudents
#DhakaUniversityUnderAttak
#DUUnderAttack
#QuotaReformMovement
#QuotaReformProtest
#Save_Bangladeshi_Student
#কোটা_সংস্কার_চাই
#বাংলাদেশ_কোটা_আন্দোলন 
#কোটা_আন্দোলন_২০২৪
#no_more_quotha 
#protect_students
#save_students 
#bangladesh_quotha_movement
#focus_on_bangladesh",Arif Ahmed,2024-07-18T00:05:08,0,0
6.26689E+14,"😂╭╮╱╱╭━━━━┳╮╱╱╱🤣
😂┃┃╱╱┃╭╮╭╮┃┃╱╱╱🤣
😂┃┃╱╱┃╭━━╮┃┃╱╱╱🤣
😂┃┃╱╭┫┃┃┃┃┃┃╱╭╮🤣
😂┃╰━╯┃╰━━╯┃╰━╯┃🤣
😂╰━━━┻━━━━┻━━━╯🤣",Itz Leafy,2025-02-08T12:14:46,0,0
1.3532E+15,,S A M Sanny,2025-04-21T00:36:06,0,0
1.11354E+15,😘,Bôtz Goddz,2025-01-08T21:28:34,0,0
1.13615E+15,😎,Shavano Reyners,2025-01-01T14:38:54,0,0
1.53792E+15,:],Anthony Capisos,2025-04-03T19:29:44,0,0
1.6569E+14,🤣🤣🤣🤣🤣🤣🤣🤣🤣🤣🤣🤣🤣🤣,Saad Baladi,2023-08-26T21:16:15,0,0
8.27797E+14,Jhenrei Picardal,Matthew Jonson,2024-09-14T22:49:19,0,0
3.7966E+14,,Angel Ramirez,2024-08-02T23:31:35,0,0
1.10664E+15,🙎🏿‍♂️✌🏿,Shekirah Lopez,2025-02-20T21:31:19,0,0
6.92556E+14,👑,Qala Bradosti,2025-03-11T20:11:37,0,0
1.6274E+15,Black burat,Jhon Clefford Mañacap,2025-01-15T11:05:19,0,0
7.4701E+14,😆😆,Tasnim Latife,2024-03-26T04:52:24,0,0
1.61976E+15,🍼👽,Håbîb Jř,2024-05-26T01:37:50,0,0
9.66807E+14,IShowSpeed,Habib Khan,2024-06-06T05:57:20,0,0
7.07294E+14,কালো জানোয়ার,আম্বাটুকাম,2025-05-01T16:42:09,2,1
1.2163E+15,IShowSpeed,Lakad Mirza,2024-04-23T01:35:15,2,0
1.50624E+15,Alvish Maharjan,Unish Maharjan,2023-11-04T21:42:43,0,0
1.05301E+15,IShowSpeed,Eduj Newron Osaleneg,2024-09-14T11:02:43,0,0
4.74307E+14,#SaveBangladeshiStudents 🇧🇩,Asiful Islam,2024-07-18T14:58:30,0,0
1.60301E+15,🤣🤣🤣🖕,محمد جيهان,2025-02-03T21:20:39,0,0
5.8757E+14,Nta Nga Rsa,Elia Mkhisa Jr Mathebula,2025-01-01T04:01:00,0,0
1.91878E+15,,Daran Kesavanathan,2024-12-06T14:23:18,0,0
1.6773E+15,,John Rollyn Cayman Cabug,2024-12-05T08:56:17,0,0
5.56423E+14,,John Rollyn Cayman Cabug,2024-12-05T08:56:07,0,0
2.89857E+14,,Auriel Tsona,2024-03-16T00:18:33,0,0
1.34696E+15,,Trix Capul,2025-04-24T20:05:29,0,0
5.0071E+14,#SaveBangladeshiStudents,MD Najmul Hasan,2024-07-18T01:45:31,0,0
1.74796E+15,,Rolando Mor Cas,2024-02-29T13:44:38,0,0
3.60203E+15,,Rolando Mor Cas,2024-02-29T13:44:02,0,0
1.16558E+15,,Rolando Mor Cas,2024-02-29T13:44:40,0,0
3.2371E+14,,Rolando Mor Cas,2024-02-29T13:44:57,0,0
9.25534E+14,,Rolando Mor Cas,2024-02-29T13:44:53,0,0
1.80581E+15,,Rolando Mor Cas,2024-02-29T13:44:32,0,0
1.03715E+15,,Rolando Mor Cas,2024-02-29T13:44:27,0,0
7.57955E+14,,Rolando Mor Cas,2024-02-29T13:44:11,0,0
1.58525E+15,,Rolando Mor Cas,2024-02-29T13:44:08,0,0
3.88384E+14,,Rolando Mor Cas,2024-02-29T13:44:00,0,0
9.72473E+14,níggà,Jared Lau,2024-04-08T13:47:28,0,0
1.05678E+15,,Kendirk Lamar,2024-11-11T02:56:42,0,0
5.40998E+14,,Clinton Atienza,2024-09-12T16:32:46,0,0
6.74142E+14,IShowSpeed,LM B OG,2025-03-30T23:33:21,0,0
5.31751E+14,🇰🇭🙏❤,អាតប្រេន លក់សំលៀកបំពាក់,2024-09-17T21:54:28,0,0
5.9342E+14,Hijos de puta,David Turcios,2025-02-15T13:35:56,0,0
2.68813E+14,,Malcolm Dillingham,2023-08-27T05:10:47,1,0
4.14419E+14,🤡,Joy Mohajon,2024-05-26T02:11:23,0,0
1.95214E+15,,Julian Quinones,2024-07-28T13:13:18,0,0
5.38119E+14,🙌❤️,Naimur Rahman,2024-09-21T14:12:07,0,0
1.29613E+15,🐈‍⬛,Red Neitan,2023-12-12T17:00:02,0,0
6.12678E+14,Ⓜⓨ ⓡⓞⓛⓔ ⓜⓞⓓⓔⓛ,RX Chinwuba Kenneth,2025-03-07T15:38:35,0,0
1.1916E+15,#SaveBangladeshiStudents,Humayra Binte Ayat,2024-07-18T19:14:30,0,0
7.77252E+14,,Pedró Simón,2024-07-16T03:52:28,0,0
1.13665E+15,,Fares Bouach,2025-01-04T06:53:53,0,0
1.44667E+15,"Hi, I'm deaf, disabled, a student, and I really need your help, you just need to subscribe to one person on instagram @mellstroy and he has to pay me for it.
I ask you to notice me and help me, it is not so difficult for you, and I will remember this all my life, most of this money will go to good causes.
Best wishes from the subscriber

me instagram @zef1ir

It's really hard to contact you",Maks Rastalev,2024-03-04T23:10:05,0,0
2.39282E+15,Meow meow meow meow meow meow meow meow meow meow meow meow,Jabel Weshley Jabel,2024-09-17T19:46:16,1,0
8.17177E+14,meow meow meow meow😸,Denzz Diche,2024-09-12T23:29:02,1,0
8.38288E+14,"#SaveBangladeshiStudents✅
#StopKillingStudents✅
#savebangladeshpeople✅
#DhakaUniversityUnderAttack✅
#wewentjustise✅
#DUUnderAttack✅
#QuotaReformMovement✅
#কোটাসংস্কারচাই✅
#বাংলাদেশকোটাআন্দোলন✅
#কোটাআন্দোলন২০২৪✅
#nomorequotha✅
#protectstudents✅
#savestudents✅ #bangladeshquothamovement✅
#focusonbangladesh✅
#ALjazerra✅
#Bbcnews✅ #CNN✅ #TheWashingtonPost✅
#TheNewYorkTimes✅ #TheGuardian✅
#BBC✅ #AlJazeeraEnglish✅ #TheWallStreetJournal✅
#CNBC✅ #DhruvRathee✅ #UnitedNations✅ #NewYorkTimesOpinion✅
#ABCNews✅ #NewYorkPost✅ #ProjectNightfall✅
Please save our students of University and save our country as soon as possible...🙏",Marshead TanVeer,2024-07-18T19:16:11,0,0
5.04236E+14,"#SaveBangladeshiStudents✅
#StopKillingStudents✅
#savebangladeshpeople✅
#DhakaUniversityUnderAttack✅
#wewentjustise✅
#DUUnderAttack✅
#QuotaReformMovement✅
#কোটাসংস্কারচাই✅
#বাংলাদেশকোটাআন্দোলন✅
#কোটাআন্দোলন২০২৪✅
#nomorequotha✅
#protectstudents✅
#savestudents✅ #bangladeshquothamovement✅
#focusonbangladesh✅
#ALjazerra✅
#Bbcnews✅ #CNN✅ #TheWashingtonPost✅
#TheNewYorkTimes✅ #TheGuardian✅
#BBC✅ #AlJazeeraEnglish✅ #TheWallStreetJournal✅
#CNBC✅ #DhruvRathee✅ #UnitedNations✅ #NewYorkTimesOpinion✅
#ABCNews✅ #NewYorkPost✅ #ProjectNightfall✅
Please save our students of University and save our country as soon as possible...🙏",Marshead TanVeer,2024-07-18T19:16:08,0,0
7.70677E+14,"#SaveBangladeshiStudents✅
#StopKillingStudents✅
#savebangladeshpeople✅
#DhakaUniversityUnderAttack✅
#wewentjustise✅
#DUUnderAttack✅
#QuotaReformMovement✅
#কোটাসংস্কারচাই✅
#বাংলাদেশকোটাআন্দোলন✅
#কোটাআন্দোলন২০২৪✅
#nomorequotha✅
#protectstudents✅
#savestudents✅ #bangladeshquothamovement✅
#focusonbangladesh✅
#ALjazerra✅
#Bbcnews✅ #CNN✅ #TheWashingtonPost✅
#TheNewYorkTimes✅ #TheGuardian✅
#BBC✅ #AlJazeeraEnglish✅ #TheWallStreetJournal✅
#CNBC✅ #DhruvRathee✅ #UnitedNations✅ #NewYorkTimesOpinion✅
#ABCNews✅ #NewYorkPost✅ #ProjectNightfall✅
Please save our students of University and save our country as soon as possible...🙏",Marshead TanVeer,2024-07-18T19:16:04,0,0
1.87481E+15,Meow meow meow meow meow meow meow meow meow meow meow meow meow meow meow meow,Kurt Justin Amante,2024-09-17T19:30:08,2,0
3.91775E+15,Meow meow meow meow meow meow meow meow meow meow meow meow meow meow meow meow meow meow meow meow meow meow meow meow meow meow meow meow meow meow meow meow meow meow meow meow meow meow meow meow meow meow meow meow meow meow meow meow meow meow,Mark Tristan Basa,2025-03-02T19:08:23,0,0
8.34675E+14,Moew moew moew,Billy Joe Capablanca Libres,2024-09-16T15:17:14,0,0
1.08695E+15,Meow Meow Meow🤣,Kh Er,2024-09-13T14:05:37,12,1
1.23079E+15,Do you ever dream of racist cows molesting your african family?,Yunero Cifer,2025-05-13T23:15:51,0,0
8.50866E+14,what is the black thing on your middle finger??,Regit Mert,2023-10-12T18:02:15,0,0
5.27166E+14,Black people are really interesting like speed as a n*gga.....,GR EG,2024-10-07T23:20:25,0,0
8.94464E+14,Why you are so white?,Abdul Jabar Khan,2024-05-28T12:37:16,1,0
1.26083E+15,What is ur dogs name 🤣🤣,Reece Read,2025-01-02T05:27:27,0,0
1.06785E+15,"Siuuuuuuuu ❤️🏆💓
⢠⣶⣾⣷⣦⡀⠀⣤⣤⣤⣤⣄⠀⣤⣤⣤⣤⣤⣤⣤ ⣾⣿⠁⢸⣿⣧⠀⣿⣿⠉⠹⣿⣆⠉⠉⠉⠉⣿⣿⠟ ⣿⣿⠀⠘⠛⠛⠀⣿⣿⠀⠀⣿⣿⠀⠀⠀⣼⣿⡟ ⣿⣿⠀⠀⠀⠀⠀⣿⣿⣤⣾⡿⠃⠀⠀⣼⣿⡟ ⣿⣿⠀⠀⠀⠀⠀⣿⣿⢻⣿⣇⠀⠀⠀⣿⣿⠁ ⣿⣿⠀⢸⣿⣷⠀⣿⣿⠀⣿⣿⡄⠀⠀⣿⣿ ⢻⣿⣦⣼⣿⠏⠀⣿⣿⠀⢸⣿⣧⠀⢀⣿⣿ ⠈⠛⠛⠛⠋⠀⠀⠛⠛⠀⠀⠛⠛⠀⠸⠛⠛ ⠀⠀⠀⠀⠀⠀⠀⠀⠀⠀⣴⣿⣦⠀⠀⠀⠀⠀⠀⠀⠀ ⠀⠀⠀⠀⠀⠀⠀⠀⠀⠀⢻⣿⣿⠂⠀⠀⠀⠀⠀⠀⠀⠀ ⠀⠀⠀⠀⠀⠀⠀⠀⠀⢀⣴⣿⣿⣀⠀⠀⠀⠀⠀⠀⠀⠀ ⠀⠀⠀⠀⠀⠀⠀⢠⣾⣿⣿⣿⣿⣿⣿⣦⠀ ⠀⠀⠀⠀⠀⠀⣴⣿⢿⣷⠒⠲⣾⣾⣿⣿ ⠀⠀⠀⠀⣴⣿⠟⠁⠀⢿⣿⠁⣿⣿⣿⠻⣿⣄⠀⠀⠀⠀ ⠀⠀⣠⡾⠟⠁⠀⠀⠀⢸⣿⣸⣿⣿⣿⣆⠙⢿⣷⡀⠀⠀ ⣰⡿⠋⠀⠀⠀⠀⠀⠀⢸⣿⣿⣿⣿⣿⣿⠀⠀⠉⠻⣿⡀ ⠀⠀⠀⠀⠀⠀⠀⠀⠀⣾⣿⣿⣿⣿⣿⣿⣆⠂⠀ ⠀⠀⠀⠀⠀⠀⠀⠀⣼⣿⣿⣿⡿⣿⣿⣿⣿⡄⠀⠀⠀⠀ ⠀⠀⠀⠀⠀⠀⠀⢠⣿⣿⠿⠟⠀⠀⠻⣿⣿⡇⠀⠀⠀⠀ ⠀⠀⠀⠀⠀⠀⢀⣾⡿⠃⠀⠀⠀⠀⠀⠘⢿⣿⡀⠀⠀⠀ ⠀⠀⠀⠀⠀⣰⣿⡟⠀⠀⠀⠀⠀⠀⠀⠀⢸⣿⣷⡀⠀⠀ ⠀⠀⠀⠀⢠⣿⠟⠀⠀⠀⠀⠀⠀⠀⠀⠀⠀⠻⣿⣧⠀⠀ ⠀⠀⠀⢀⣿⠃⠀⠀⠀⠀⠀⠀⠀⠀⠀⠀⠀⠀⠘⣿⣆⠀ ⠀⠀⠠⢾⠇⠀⠀⠀⠀⠀⠀⠀⠀⠀⠀⠀⠀⠀⠀⢸⣿⣷⡤⠄.   Love Idol

Im not fan of you bro but i appreciate that you visit Philippines 🇵🇭",Jhondel Malabago Gutang,2024-09-19T07:02:36,0,0
2.56045E+15,wolna palestyna od palestyńczyków i hamasu !! I Love Izrael 🔯🇮🇱,Adam Budny,2023-12-18T23:58:33,0,0
1.16099E+15,"Actor:ishowspeed 

Title:horry potter",Vipers Rko,2025-02-28T03:05:03,0,0
8.90394E+14,Your my superhero speed dati masakit tuhod ko Nung nakita kita nawala tuhod ko,Theyluv Jay,2024-09-14T10:49:41,0,0
4.42064E+14,I love you speed ❤️❤️❤️❤️❤️❤️,Xian Rain Camba,2024-09-13T11:26:09,0,0
2.78391E+15,i’love ituman!🤎🤟,Aliuddin Mahamod,2024-09-15T16:46:54,0,0
7.32872E+14,"Ishowspeed ❌
Weseenigga✅",Alvaro Azote,2023-12-11T22:08:55,2,0
4.45611E+14,"DAVAO DAVAO DAVAO DAVAO DAVAO DAVAO DAVAO DAVAO DAVAO DAVAO DAVAO DAVAO 
Davao City IShowSpeed Davao City Baste Duterte IShowSpeed Sebastian ""Baste"" Duterte",Vincent Kutamura,2024-09-26T10:38:44,0,0
1.67932E+15,Welcome to Philippines bro HAHAHAHA,Glen Lambarte,2024-09-12T11:07:09,0,0
4.14662E+14,We made Right person famous,Redwan Gosling,2024-04-11T22:10:22,2,0
3.84005E+14,Speed in wwe😆,Julius Javier,2024-04-08T23:02:13,0,0
1.10469E+15,Siuuuuuuuuuuuuuuuuuuuuuuuuuuuuuuuuuuuuuuuuuuu💥,Kazi Mustak Ahmed,2024-12-24T15:07:49,1,0
5.43939E+14,Le plus vaurien après sont Goat 😅🤝,Anatovi Ezéchiel,2025-01-28T23:16:19,0,0
1.44549E+15,Speed your my fav. youtuber i watch you every day and you really make me happy,Carlos Shippuden,2025-01-23T10:43:58,0,0
1.1066E+15,Speed is the Maan Hey Bro from New Zealand,Chaz Ioane,2024-11-30T19:46:43,0,0
8.28549E+14,drs tayo heheheh,Henessy,2023-12-10T15:16:59,0,1
7.08468E+14,I subscribe to your channel IShowSpeed,Gray Sprunki,2025-04-04T09:05:28,0,0
6.90461E+14,Your t shirt is on the wrong side 🤣 Vincent Gaudreau,Marylou Gaudreau,2023-11-23T22:37:14,1,0
3.02711E+14,"Speed I love you ♥️
Can you please buy me a ps5
 As you did to others
My number is this 0726281823
I came from Kigali Rwanda.",Kanamugire Ibrahim,2024-02-03T19:15:31,0,2
3E+14,IShowSpeed Brother I just needed your Attention brother ☹️☹️☹️ Brother please help me to meet you......Just pick my comment.....💗💗💗☹️☹️☹️I just wanted to meet you Someday once in my lifetime ☹️☹️💗💗,Alberthorio Marak,2024-05-24T23:14:56,0,0
9.36546E+14,You look so stupid,Adam Emad,2025-03-24T01:53:35,0,0
1.62758E+15,We need help please save Bangladesh students 😭🙏,Arfin Aru,2024-07-17T23:59:02,0,0
1.38674E+15,"SIIIIIIIIIIIIIIIIIIIIIIIIIIIIIIIIIIIIIIIIIIIIIIIIIIIIIIIIIIII SIIIIIIIIIIIIIIIIIIIIIIIIIIIIIIIIIIIIIIIIIIIIIIIIIIIIIIIIIIII SIIIIIIIIIIIIIIIIIIIIIIIIIIIIIIIIIIIIIIIIIIIIIIIIIIIIIIIIIIII SIIIIIIIIIIIIIIIIIIIIIIIIIIIIIIIIIIIIIIIIIIIIIIIIIIIIIIIIIIII SIIIIIIIIIIIIIIIIIIIIIIIIIIIIIIIIIIIIIIIIIIIIIIIIIIIIIIIIIIII SIIIIIIIIIIIIIIIIIIIIIIIIIIIIIIIIIIIIIIIIIIIIIIIIIIIIIIIIIIII IIIIIIIIIIIIIIIIIIIIIIIIIIIIIIIIIIIIIIIIIIIIIIIIIIIIIIIIIIIIIIIIIIIIIIIIIIIIIIIIIIIIIIIIIIIII
RONALDO Siiiiiiiiii
🇵🇹 7 🇲🇦💪",Amin PAblo,2024-12-26T20:57:10,0,0
3.86231E+14,🍌,Flex Flex,2024-07-17T16:50:29,0,0
1.06449E+15,Meow meow,Sean Galledo,2024-09-13T15:10:50,0,0
1.86374E+15,#SaveBangladeshiStudents,Shuvo Dey,2024-07-17T21:41:58,0,0
1.70588E+15,Meow,Castillo Jose,2025-05-09T08:32:37,0,0
2.17382E+15,Roger,Litari Tri Ani,2025-04-21T17:44:19,1,0
2.7195E+15,Yow my is slim shady,Mark Xander Violeta Millan,2025-04-05T14:18:20,0,0
1.01685E+15,Good boy ☺️,Yan U Hadji Adatu,2025-03-24T18:16:29,0,0
1.31059E+15,black,Shaldre Estrada Nalomen,2024-12-26T22:33:14,0,0
8.83098E+15,Best streamer,Prakash Bhatt,2024-11-27T13:18:13,0,0
1.62303E+15,How bro,John Rainiel M. Curambao,2024-11-17T01:47:26,0,0
4.46987E+14,Meet,Pablito Trevi Jr.,2024-10-13T00:30:12,0,0
1.18325E+15,Meow meow 😂,Kenneth Morris Velasquez,2024-09-25T18:04:22,0,0
8.63366E+14,LAMY,Sokha,2024-09-23T10:11:55,0,0
1.05424E+15,Bro who's Meow meow who said meow meow,Michael James Morales Verano,2024-09-19T11:57:09,0,0
8.53696E+14,WHATS MEOW MEOW 😂,Giann Pangyarihan,2024-09-19T00:44:37,0,0
8.72405E+14,Meow meow,Kim Goyagoy,2024-09-17T20:08:04,0,0
1.96093E+15,Loy nas a pm,HO NG,2024-09-16T21:04:47,0,0
9.22089E+14,Meow meow😸,JhanMichael C. Domanais,2024-09-16T19:20:48,0,0
1.06796E+15,,Andik Kipas Angin,2024-09-16T17:38:43,0,0
1.04946E+15,Meow meow,MJ Fernandez,2024-09-16T07:32:48,0,0
1.63974E+15,MEOW MEOW!!,Kyle Necesito,2024-09-15T18:57:47,1,0
1.9592E+15,Meow meow,John Gonzales,2024-09-15T18:29:45,0,0
4.82719E+14,Meow meow,ホウタロウ ィエ オレキ,2024-09-15T13:47:24,0,0
1.30679E+15,Tite,Jefferson Herlita Orec,2024-09-15T11:19:15,0,0
5.63548E+14,Meow meow,Nomer Dela Torre,2024-09-15T06:15:25,0,3
1.25319E+15,What's up neg*,Harry Barcial,2024-09-14T21:58:15,0,0
1.22618E+15,Myaw myaw myaw meow...!!!!,Philip Jyrus Manuel,2024-09-14T19:01:23,0,0
2.53631E+15,meow meow,Vidal Christian,2024-09-14T09:02:25,0,0
3.89984E+14,Safe💚,Kalmado Tribes Official,2024-09-13T18:00:50,0,0
8.83578E+14,meow meow,Kurt Deon,2024-09-13T13:50:19,0,0
7.40068E+14,Meow meow,John Vincent Villa,2024-09-13T11:37:12,0,0
1.34312E+15,Meow meow,Mark Alquizar,2024-09-13T10:20:05,0,0
1.19885E+15,Meow,Kevin Maestrado,2024-09-13T10:13:22,0,0
5.38485E+14,Meow meow,Cylan John Gabar,2024-09-13T09:33:57,0,0
1.51286E+15,Meow,Rence Torres,2024-09-13T07:41:04,0,0
5.33844E+14,SPEED COME IN MINDORO,Dan Jeush,2024-09-12T23:31:37,0,0
1.24898E+15,meow meow,Cristian Villaflores,2024-09-12T21:42:59,0,0
1.70421E+15,Meow meow😂😂,Kelly Ivan Mascariñas,2024-09-12T19:26:58,0,0
1.56961E+15,Love 😘,Nelson Baltazar,2024-09-12T16:22:36,1,0
5.31328E+14,"Hey Niggggggggggggggggggggggggggggggggggggggggggggggggggggggggggggggaaaaaaaaaaaaaaaaaaaaaaaaaaaaaaaaaaaaaaaaaaaaaaaaaaaaaaaaaaaaa.......... 

How Are You?☝️😮‍💨🤙",Muhammad Sayid Hassan Fahad,2024-07-16T02:21:37,0,0
1.01161E+15,Yezzzz man❤️🫶🏻,Tanvir Hasan,2024-06-17T01:26:59,0,0
4.18608E+14,True man🖤📌,Omolemo M Malakalaka,2024-06-13T15:25:56,0,0
4.53876E+14,Hello ishowmeat,Cyrus Mondoñedo,2024-06-07T16:53:25,0,0
2.14926E+15,And cellphone,Jhonthyron G. Caballero,2024-06-05T11:37:03,0,0
1.6501E+15,RKO 🐍,Vamos Rojo Y Blanco,2024-04-08T09:26:58,0,0
6.36278E+14,Goat of YouTube 🔥🔥🔥,Vasuki Panda,2024-01-05T01:42:36,0,0
3.70465E+14,ishowmeat 😆,Lill Capehart,2023-10-18T01:55:21,1,0
1.43338E+15,Ishowspeed speed,成就自我,2023-08-20T23:02:10,1,0
2.20596E+15,cute,Armen Bairamjan,2023-08-13T02:43:28,0,0
1.80945E+14,One love 💘,Paul S Mauldin,2023-07-21T20:21:39,1,0
5.93096E+14,Black panther bro ☠️☠️,Bc Purnima,2025-05-25T01:08:55,0,0
6.76429E+14,Brada you niga,San Kaden Ba,2025-05-23T15:19:52,0,0
1.21429E+15,Suiii you like Ronaldo your goat,Rix Travis Malaque,2025-05-14T13:38:10,0,0
6.78531E+14,big fan broo,Kirbz M Sato,2025-05-09T18:28:46,0,0
1.41444E+15,@Christiano Ronaldo shooooo!,Lumbemo Ngullie,2025-04-30T10:15:46,1,0
2.37019E+15,Lit,Nuoix Joey,2025-04-19T16:00:36,0,0
3.90148E+15,Goofy,Rong Rambo,2025-04-16T19:45:02,0,0
1.7175E+15,Thanks a MILLION,Эх үүсвэр Domen,2025-04-12T10:31:48,0,0
1.05852E+15,Free afam,Carmelo R Baldenero,2025-04-07T12:08:07,0,0
1.34962E+15,Ronaldo Better,محمد آدم عامر آدم عامر,2025-04-05T15:04:01,0,0
6.96457E+14,Poseidon.,Gian franco Cavada ,2025-04-05T13:37:23,0,0
9.56934E+14,SIUUUUUUUU,Archibald Montgomery Rutledge III,2025-04-04T11:44:03,0,0
1.82367E+15,Lets go libag N1664,Carl Nix Gregorio,2025-04-03T14:59:00,1,0
1.01319E+15,bombaclat speed,Kagamiyu Kagamiyu,2025-03-29T18:59:41,2,0
6.49349E+14,Thank you so much.,Nghia Thuong Vu Le,2025-03-29T18:01:26,0,0
1.18248E+15,Neow²,Court Ybañez,2025-03-29T00:16:51,0,0
8.44205E+14,Siuuuuuuuuuuuuuuuuuuu,Ñūpî Wåkhål Çlößé,2025-03-29T11:41:28,0,0
1.18214E+15,SpeeD show,Ahmed Od,2025-03-21T16:19:19,0,0
6.48834E+14,Hi,Seedy Njie,2025-03-07T22:38:19,1,0
1.04552E+15,Ntwana yeh boss,Siyanda Oscar Biyela,2025-02-03T08:06:53,0,0
1.10613E+15,"Legend, appreciate you bruv",Darren Morris,2025-01-13T17:48:15,0,0
9.35635E+14,IShowDog,Erwin Mark Angelo Pacuribot,2024-12-25T22:50:36,0,0
9.47237E+14,Yah inspire me bro.❤🙌🏽🐐,El Padrino,2024-12-08T04:09:43,0,0
1.57889E+15,✌🏾👦🏿,Anna Polo,2024-11-16T08:41:02,4,0
3.00917E+15,Bruhhh wazzup niga,Jane Peralta,2024-11-07T23:56:50,0,0
1.38733E+15,Ma ghee,Wiz Dadi,2024-11-07T05:13:49,0,0
1.60087E+15,Cr7,Don-aldo Morales,2024-11-03T10:16:48,0,0
8.78487E+14,Meon meon meon 😁😁👀,SO TO,2024-10-24T03:25:27,0,0
2.79644E+16,Meow meow nigga,Mike Cy,2024-09-27T16:51:30,0,0
1.21241E+15,Speeeeeedddddddddddddd ❤️,林 ラスティモサ ウグビナダ,2024-09-25T20:05:08,0,0
5.51279E+14,Big fan 🫶,Mohammad Akash Saiyal,2024-09-21T15:29:20,0,0
1.99999E+15,Meow meow,Christian Joseph Aseneta,2024-09-18T18:20:23,0,0
1.21564E+15,Enjoy,Phïñ Bëk Käv,2024-09-18T12:01:11,0,0
1.0583E+15,Meoww,Zyjun Solayao Bulandres,2024-09-18T05:27:51,0,0
1.05625E+15,Ronaldo,Hope Syruz Liquiran Basco,2024-09-17T22:58:58,0,0
1.06256E+15,Dope,Adrian,2024-09-17T02:08:27,0,0
2.38071E+15,Alexies logronio this not negaman this ishowspeed 🤣😂😂😂,James Liwanag,2024-09-16T20:40:32,0,0
1.19744E+15,cute 🤯,Ra Mario,2024-09-15T18:17:28,0,0
3.87734E+14,Meow meow,Avn Vynx,2024-09-14T22:55:26,0,0
5.29889E+14,Speed nega,Byro Robleèëēê,2024-09-14T17:31:03,0,0
1.18315E+15,usba,Esham,2024-09-13T09:50:45,0,0
1.19595E+15,Aw aw aw,Nying Señar,2024-09-13T07:24:35,0,0
9.31063E+14,suiiiiiii,James Carter,2024-09-12T19:56:20,0,0
1.29484E+15,Goat,John Alex,2024-09-03T18:26:49,0,0
1.92614E+15,SIUUUUUUUU,Thea Bai,2024-08-27T22:50:10,0,0
5.09193E+14,Messi best,Ajong,2024-08-09T16:58:14,0,0
1.84485E+15,Three of us Nigga🌚,Bîp LØß,2024-07-14T22:36:17,0,0
9.56019E+14,Youre Son is coming.,Tamtam Malinao,2024-07-01T18:12:10,0,0
4.41221E+14,,Khan Muhammad Minhaz,2024-06-05T01:44:50,0,0
4.24131E+14,IShowMeat,Jonathan William Kennedy,2024-05-21T15:03:51,0,0
9.77613E+14,My boy,Johny Alok條,2024-05-11T23:53:24,0,0
1.11621E+15,Cap cut,Mohamed Ouedraogo,2024-04-23T20:53:07,0,0
7.27293E+14,Yo what's up bro,Floking Stone,2024-04-02T04:17:12,0,0
1.53918E+15,Messi is goat,Muhayminul Islam,2024-02-27T00:06:16,0,0
1.80311E+15,Pogi,Santino Bondoc,2024-01-25T13:21:21,0,0
7.84545E+14,Kamla be like🙂,Tamim Iham,2024-01-23T21:04:08,0,0
8.84678E+14,Wassup niga,Brylle Lanojan,2023-12-16T10:35:53,0,1
2.10273E+15,Woooof wooof motherfucker🐕😂,Mlondy Ndlovu,2023-12-14T16:37:12,0,0
8.97456E+14,IShowMeat,Francis Gonzales,2023-12-12T09:59:25,3,0
1.40791E+15,Y is yo tanktop reversed bru,Kurt Rico,2023-12-12T07:42:31,0,0
7.32595E+14,Yooo niqqa,Jules Tyron B. Veril,2023-12-12T06:36:53,0,0
8.26194E+14,ishowmeat,Cyruz Egido,2023-12-11T23:10:54,0,0
8.61967E+14,,Maria Santos,2023-10-24T00:42:11,0,0
1.05528E+15,https://on.soundcloud.com/2Y5iW,Mike Puzynski,2023-09-14T20:50:33,0,0
2.74141E+14,Big man speed,Hënry Dhāt Ndålãmäh,2023-07-20T14:41:54,0,0
2.57607E+14,See ya underwear 🤣,Can'tTrip Jamel,2023-07-19T06:41:27,0,0
1.22194E+15,You're black,Rainier Vallega,2025-04-13T20:42:24,0,1
9.98494E+14,Darius Garland,Jesher Sulad,2025-04-10T00:49:18,0,0
7.06982E+14,𝕠𝕙 𝕞𝕪 𝕘𝕠𝕕 𝕨𝕠𝕠𝕠𝕠𝕨 😯,Lhéìän Lîm,2025-04-06T20:44:25,0,0
5.44979E+14,Nice,Girbat Micheal,2025-04-03T03:44:08,0,0
1.23141E+15,🐵🐒🦍🦧,Taslim Graphy ID,2025-03-29T14:16:29,1,0
6.98986E+14,🐒🐒🐒🐒🐒,Youcef Bouider,2025-03-27T04:56:44,0,0
3.79666E+14,meow meow,Julius Javier,2024-09-14T09:26:12,0,0
1.20915E+15,Meow😹,Derick Jovero,2024-09-13T07:50:26,0,0
1.54238E+15,Send me some money negggga,Eric Tor,2024-07-24T02:03:35,0,0
1.15525E+15,Speedy,CJ Visity,2024-06-17T03:00:34,0,0
4.13505E+14,Pendonal. fan fake 😂😂😂😂😂,Thi Ha Kyaw,2024-06-02T23:24:45,0,0
8.88378E+14,cry more pendu,Què mìra bo bo,2024-06-01T07:54:19,0,0
9.19734E+14,Negro,Roberto Cantera,2024-04-08T12:11:46,0,0
7.7963E+14,ronnaldoooooooooooo😂🐈,سودا ني اصيل,2024-03-23T10:32:02,0,0
8.16014E+14,Cristiano Ronaldo♂🏟,Arlan Azuela,2024-03-17T18:53:42,0,0
3.51061E+14,nigger slave,Ryugaa Hiideeki,2023-12-12T18:41:13,0,0
3.73083E+14,"monkey for bidding
Starting bid 10 $
DO I HEAR 20????? 😳😉",Joshua Elesorio,2023-12-12T18:16:11,2,1
9.27873E+14,This nigga so ugly man istg,Tyrell Peyöte,2023-12-10T08:49:54,0,1
3.31192E+14,Suwe,Brielle Dwayne Tabañag,2023-12-06T19:27:02,0,0
7.03904E+14,💖World Cup💖 bring me to here,Dra Ke,2023-10-19T03:45:44,1,0
2.27804E+14,Bark bark bark!!!!!!!,KY LE,2023-10-06T18:49:12,0,0
7.20959E+14,pls Ishowspeed answer,Koulla Christodoulou,2023-09-30T03:31:14,0,0
1.68347E+14,oops,Koulla Christodoulou,2023-09-30T03:30:50,0,0
8.23416E+14,,VJ ʚĭɞ,2023-07-24T10:49:13,1,0
7.94295E+14,🔥🔥🔥🔥 nice 🔥🔥🔥🔥,Som Hlophe,2023-07-17T00:00:19,0,0
1.93546E+15,"""Dive into the world of modern dating with 'Alpha Male Strategies: Empowering Men with Dating Tactics in the Era of Social Media.' This insightful guide offers actionable strategies for navigating the complexities of relationships, empowering men to embrace confidence and authenticity in their romantic pursuits. Unlock the keys to success in today's dynamic dating landscape.""

https://www.amazon.com/dp/B0CPVQGLKM",DIGITALHAVEN⁴You,2024-10-30T08:38:49,0,0
1.18211E+15,"lShowSpeed highest record"" 30 second's",Denver Pubgm,2024-10-19T21:08:17,0,0
4.16589E+14,What is Luffy doing on top of you NAME 😅😅🤣,Omoniyi Ayomide,2024-04-12T03:21:21,10,0
1.8727E+15,GOD IS GOOD,TheRoitnes MH,2024-07-24T10:32:05,3,0
1.23067E+15,siuuuuuuuuuuuu,Fahim Hassan,2024-07-15T22:29:12,3,0
6.03798E+14,I am like you speed same troll face i have,Reenxaan Tmz,2025-01-27T20:55:57,0,0
8.28546E+14,Nice pic Darren,Mike Amos,2024-12-19T15:19:13,2,0
1.54486E+15,Is how speed.,Rakovei Garixx,2025-03-06T03:59:08,0,0
1.91244E+15,"My advice is to watch a video of advice  to live a perfect life. The advice channel is for me I wrote it on the official page of many world presidents and United union on Facebook and it includes a solution for me so that all the world can live in prosperity if they are all Muslims on the methodology of Quran and The Prophet Muhammad So all the food is divided among them equally, the big ones as the young ones, and the males as the females, and these are realistic solutions. These herbs can ben cultivated by divers in the sea and  we can provide it as animal feed and fish that eat seaweed. One fish lays thousands of eggs, and in this way we protect them from exposure to predators.
And in the wild, there is, for example, a herb called Blue Panic, a hectare feeds more than 500 sheep a year It is ground and fed to sheep, cows and poultry, and smart farms can be used for poultry and others animales and Each person obtains a cow, calf, or bull annually and for example, the ostrich bird lays 60 to 120 eggs per year and its weight reaches a quintal. Its meat is one of the most delicious meats, and its fat can be melted and used in some treatments and as an alternative to cooking oil. and There is enough groundwater in the world for people's needs for centuries. Likewise, grapes without pits, if planted by columns, the yield per hectare is 100 tons, and therefore each individual annually obtains large quantities of food.
Most males also cooperate in building modern and developed housing. When an individual reaches a certain age, he obtains his right to housing, for example, a luxurious apartment of 8 rooms with all its necessities of water, electricity and gas for free, and all services are free and The person does not work upon reaching a certain age or during disability Also, this knowledge that God has subjected to us, we must preserve it, so we take from the good of this knowledge and leave the bad of it, so the study is practiced in a normal way for whoever wants.

Also, the means of transportation is by express train, which operates with free magnetic energy, as it makes magnets in it and makes iron columns in its path along the way, which I watched on television, exceeding ce the speed of the plane, and it can be driven by satellite.                             
Note that pollution causes acid rain that affects the plant and the soil becomes sterile.
Also, the scholars muslims of the Sunnah  are the owners of the shura and the decision; they are merciful than a mother to her child, and all prisoners are released and all weapons are melted.
As for treating the plant and making it grow abundantly, one time I was watching a scientific documentary on a western channel, the subject of which was in ecology, where there was a forest in which wolves were, and when the wolves were killed, the deer increased, so they eat varieties of the plant, so other varieties disappeared that the deer did not eat.
So they concluded that there is such communication between plants, and physicists say that there is a similarity between the upper and lower world in some of the creatures, so I concluded that Paradise is surrounded by Sidr and basil, so it seems to me, and God knows best, that the plants are surrounded by Sidr and basil.
Also, the leaf of the plant or tree, when it withers and mixes with the soil, is a treatment for that plant or tree itself, taking into account the acidity of the soil suitable for that plant. And the best of righteousness is urgent, kindness and tolerance I recommend to you",Lahcene Guenchi,2024-03-18T07:28:42,2,0
1.63124E+15,Please come back to Cambodia again and stream at daytime bro!,Oeng Menglong,2024-09-18T10:06:44,1,0
3.98235E+14,C and I have been together since we got divorced in December of this past month so,Joanne Myers,2024-07-05T08:07:39,3,0
6.77784E+14,,Bayrmaa NasanOlzii,2025-04-14T23:11:48,0,1
2.20468E+15,Yes,Joanne Myers,2024-07-05T08:07:19,0,0
7.62492E+14,"Hey, dude, can we talk about the mellstroy contest? if you're interested, let's continue, write to me on Instagram to_get_upset or reply here,",Miya Elagina,2024-03-07T17:36:02,0,0
3.32953E+14,You are all  in one,WE de mobz networks designed channels and sexy models.HBO illumi brizzy,2024-07-06T17:19:09,0,0
2.27069E+15,Hello brother IShowSpeed hopefully you safe now 😇❤️,Kint Lloyd Siodina,2024-09-12T22:20:50,0,0
8.37897E+14,Speed love kfc,Kimsen,2024-09-16T11:06:16,0,2
5.64179E+14,p. Diddy,Hasan A.,2025-01-25T20:12:06,0,0
4.99952E+14,"Please pray for us , pray for the general students of Bangladesh. They are in great denger now. Please support us 🥺🥺
#SaveBangladeshiStudents
#ALjazerra
#Bbcnews #CNN #TheWashingtonPost
#TheNewYorkTimes #TheGuardian
#BBC #AlJazeeraEnglish #TheWallStreetJournal
#CNBC #DhruvRathee #UnitedNations #NewYorkTimesOpinion
#ABCNews #NewYorkPost #ProjectNightfall
#AbhiandNiyu #QuotaReformProtest
#quota_movement
#bdpolice_brutality
#bsl_brutality
#save_bangladeshi_students
Please save our brothers and sisters",Adnan Siddique,2024-07-18T15:00:18,2,0
3.3698E+14,He knows the story feelings❤️👍🇧🇩,Md Fahmid Khan,2024-07-18T02:07:23,2,0
4.05433E+14,I show peed,Kyle Calope,2024-06-06T21:04:08,0,0
4.13213E+14,Xxxtentacion,Susan Lim,2024-05-17T15:36:10,0,0
4.56185E+14,speed,Azharul Islam Abir,2024-05-17T04:16:13,2,0
4.62423E+14,Bro its so funny,Alexander Milivojevic,2024-05-13T01:58:32,0,0
4.12712E+14,🤣🤣🤣,Alexander Milivojevic,2024-05-13T01:58:26,1,0
1.11865E+15,Ishowmeat,Brandon Butad,2024-05-04T20:34:21,0,0
6.44414E+14,تابع لنصيحة كي تعيشوا في عالم مثالي الآلة هي التي تصير تخدم الإنسان و يوجد مثلا سيارات كهربائية فاخرة ذاتية القيادة وبالتالي تنعدم حوادث المرور في الطرق لدقة القيادة الآلية واتصالها بالقمر الصناعي وتستعمل الآلات عن طريق الذكاء الصناعي لبناء وحدها السكن إلا أن تعاون الناس يتفوق على الآلات في هذا المجال و السكن تبنى مثل طوكيو مثلا ناطحات سحاب مقاومة للزلازل و إذا قومنا الشقق الفخمة في بعض الدول ما يقارب 200 مليون دولار  وبالتعاون يتم إيصال المياه و بناء المشاريع بجودة نية دوامها للأجيال لسنوات عديدة دون انتظار الغلاف المالي للمشاريع علما أن الاقتصاد فيه مشاكل و إن لم يطبق ما قلته سيستحوذ الأغنياء على معظم الأراضي الفلاحية ومعظمهم لا يستفيد منها بسبب المنافسة و عدم القدرة الشرائية .,Lahcene Guenchi,2024-03-18T07:25:37,0,0
1.73799E+15,نصيحتي كي تشاهدوا فيديو نصيحة كي تعيشوا في عالم مثالي قناة النصيحة هو لي و يتضمن لي حل كي يعيش جميع أفراد العالم كلهم في رخاء إذا كانوا جميعا مسلمين على منهاج الكتاب و السنة فتقسم بينهم جميع الأغذية بالتساوي كبيرهم كصغيرهم و ذكرهم كأنثاهم وهته حلول واقعية ففكرتي في استغلال الثروة السمكية أن تجعل أقفاص كبيرة تصل إلى القاع كي تستغل الأعشاب البحرية التي تنمو بسرعة كبيرة هته الأعشاب يمكن الغواصين زراعتها في البحر والأسماك التي تأكل الأعشاب البحرية السمكة الواحدة تبيض آلاف البيوض وبهته الطريقة نحميها من التعرض للمفترسات وهته الأعشاب البحرية ممكن أن تستغل كعلف للحيوانات و في البر يوجد مثلا عشبة اسمها  البلوبانيك الهكتار يغذي أكثر من 500 خروف في السنة فمثلا طائر النعام يبيض في السنة من 60  إلى 120بيضة و يصل وزنه إلى قنطار و لحمه من ألذ اللحوم و توجد فيه نسبة كبيرة من الشحوم ممكن تذويبها ممكن تذويبها و استعمالها كبديل لزيت الطهي و لبعض العلاجات كما يتحصل كل فرد سنويا على بقرة أو عجل أو ثور و غيرها من الأغذية ، كذلك استعمال المزارع الذكية لتربية الدواجن و غيرها و يوجد من المياه الجوفية ما يكفي احتياج الناس لعدة قرون . كذلك العنب بدون نوى إذا غرس بطريقة الأعمدة مردود الهكتار الواحد 100 طن و بالتالي يتحصل كل فرد سنويا على كميات كبيرة من الأغذية. كمايتعاون  أغلب الذكور في بناء السكن العصري المتطور وعندما يبلغ الفرد سنا معينة يتحصل على حقه في السكن مثلا شقة فخمة من 8 غرف بجميع مستلزماتها من ماء وكهرباء وغاز مجانا كما أن جميع الخدمات مجانية و لا يعمل الشخص عند بلوغ سن معينة أو أثناء العجز. كما أن هذا العلم الدنيوي الذي سخره الله لنا يجب أن نحافظ عليه فنأخذ من خير هذا العلم ونترك شره كما أن وسيلة التنقل بين البلدان للأشخاص و البضائع تكون بالقطار السريع الذي يعمل بالطاقة المغناطيسية المجانية حيث يجعل فيه مغناطيس و يجعل في مساره أعمدة من حديد على طول الطريق شاهدته في التلفزيون تفوق سرعته الطائرة علما أن التلوث يسبب أمطار حامضية توثر على النبات و التربة تصير لا تنبت. كما أن علماء السنة والجماعة هم أصحاب الشورى و القرار وليس المبتدعة أو الشواذ و ترك الأمر بالمعروف والنهي عن المنكر هو سبب التفرق كما ذكر الشيخ ابن العثيمين رحمه الله في تفسير سورة الحج عندما فسر آيتين  من سورة آل عمران قوله تعالى و لتكن منكم أمة يدعون إلى الخير و يأمرون بالمعروف و ينهون عن المنكر و أولئك هم المفلحون. الآية 104. ولا تكونوا كالذين تفرقوا و اختلفوا من بعدما جاءتهم البينات. الآية 105.  ويفرج عن جميع المساجين وتذاب جميع الأسلحة. أما علاج النبات و جعله ينمو بغزارة فمرة كنت أتفرج  شريط علمي في قناة غربية موضوعه في الإيكولوجيا حيث كانت غابة فيها ذئاب فعند قتل الذئاب كثرت الغزلان فقضت على أصناف من النبات فاختفت أصناف أخرى لم تأكلها الغزلان فاستنتجوا أن هناك مثل الاتصالات بين النباتات و علماء الفيزياء يقولون أن هناك تشابه بين العالم العلوي و السفلي في بعض الخلق فاستنتجت أن الجنة محاطة بالسدر فيبدو لي والله أعلم أن تحيط المزروعات بالسدر و الريحان كما أن ورق النبات أو الشجرة عندما تذبل و تخلط مع التربة تكون علاج لتلك النبات أو الشجرة نفسها  مع مراعاة حموضة التربة المناسبة لذالك النبات. وخير البر عاجله و الرفق و التسامح أوصيكم.,Lahcene Guenchi,2024-03-18T07:24:59,0,0
6.77707E+14,"muzułmanie często zarzucają Zachodowi agresję i powołują się na czasy wojen krzyżowych, inkwizycji i kolonializmu. muzułmanie jednak nic nie mówią o krwawej historii islamu. Wyznawcy tzw. “religii pokoju” są odpowiedzialni za bestialskie wymordowanie ponad 290 milionów ludzi!  To tej liczby należy doliczyć setki milionów obrzezanych dziewcząt, pozbawionych swojej kobiecości. Dziesiątki milionów ofiar niewolnictwa (Europa wschodnia i Bałkany w czasach kolonizacji islamskiej. Zobacz Wideo!) i miliony wypędzonych z własnych domów Chrześcijan. Każdego roku ginie za wiarę 170 tys. Chrześcijan. Codziennie przybywa więc 465 męczenników. 350 mln wyznawców Chrystusa w kilkudziesięciu krajach jest represjonowanych. Liczba ofiar islamu: 120 milionów Afrykańczyków (źródło: Woman’s Presbyterian Board of Missions, David Livingstone, strona 62, 1888). 80 milionów Hindusów (źródło: Koenard Elst, in Negationism in India, strona 34). 60 milionów Chrześcijan (źródło: David Barrett and Todd Johnson, in World Christian Trends AD 30 to AD 2200, strona 230. Również: Raphael Moore in History of Asia Minor). 10 milionów Buddystów (źródło: David B. Barrett, Todd M.Johnson, World Christian Trends AD 30-AD 2200, William Carey Library, 2001, strona 230, tabela 4-1). 220,000 Żydów tylko w jednym roku 1146 w Maroku (źródło: H. Z. Hirschberg, A History of the Jews of North Africa, 1974, strona 127-28). 17 milionów niewolników sprowadzonych do islamskich krajów (źródło: Thomas Sowell: Race and Culture, Basic Books, 1994, strona 188. Również:. Encyklopedia https://m.facebook.com/182944451832138/",Adam Budny,2023-12-18T23:59:15,0,0
1.03094E+15,Allah is Real bro🙃,Jaber Gaming,2023-08-01T23:03:45,19,0
1.24579E+15,❤️❤️❤️,Kint Lloyd Siodina,2024-09-12T22:20:13,0,0
1.22693E+15,Niga,Tamzid Mk,2024-09-23T01:19:32,0,0
1.1776E+15,Is that Mr beast?,Angie Rsa,2025-04-01T04:32:09,0,0
5.90359E+14,Tite,Tom Sawyer,2025-05-25T17:18:33,0,0
2.43537E+15,🇧🇩🇦🇷🇧🇩🇦🇷🇧🇩🇦🇷🤗🙂,Mohammad Hossain Shanto,2025-03-22T10:47:23,0,0
1.24142E+15,I show sponge,Rommel R. Cortan,2025-05-18T15:59:51,0,0
1.28028E+15,Speedy,Utibe Udofia,2025-02-12T20:20:52,0,0
1.63844E+15,Good luck.,Nghia Thuong Vu Le,2025-03-29T18:01:10,0,0
1.25935E+15,,SÆÑ,2024-09-25T11:07:16,0,0
5.34908E+14,Yohhh love you speeed,Mimarjem Beniales,2024-09-12T23:57:41,2,7
1.83458E+15,For a while,Joanne Myers,2024-07-05T08:06:51,0,0
1.21112E+15,Ishowsponge,Peserta Anonim,2025-05-14T07:19:48,0,0
1.23189E+15,ចុយ 😂,John Tinez,2024-09-20T09:51:33,0,0
5.42464E+14,,ارعن اسلام نهال,2024-09-16T03:07:38,1,0
1.0232E+15,Ito ang Nigaas owoahwoaahhhh,Charles Denn Galeon,2024-09-12T21:19:25,0,0
4.03922E+15,✅,Jimmy X,2025-04-11T05:24:17,1,0
1.14476E+15,👉https://www.facebook.com/share/v/18dQZhZ9AB/?mibextid=rS40aB7S9Ucbxw6v,Aude Ad,2025-01-15T14:50:57,0,0
8.95704E+14,Totel Zeñodro Jr. ishowspeed kester,Lopez Sevilla,2024-11-24T11:47:15,0,0
5.62918E+14,,Daran Kesavanathan,2024-12-06T14:23:54,0,0
1.03142E+15,#SaveBangladeshiStudents,MD Najmul Hasan,2024-07-18T01:45:15,0,0
3.60072E+14,https://www.facebook.com/tumelo.clifford.96/posts/pfbid02KeSLfPvV8zzU9Ln6W5c62CKMK7r4KHJ4utyaymXxxMmDJjFw2VqvSsthMyBjHbVMl,Tumelo Clifford,2024-06-02T21:20:57,0,1
4.32105E+14,,Jermarcus Williams,2024-03-25T23:42:24,1,0
2.98253E+14,"I hope, that: you can get:
back, to: FULL Health and Making vid's/""content(s)"": again; A.S.A.P.",Michael Shenton,2023-08-03T04:11:01,0,0
1.1622E+15,#SaveBangladeshiStudents,Humayra Binte Ayat,2024-07-18T19:14:23,0,0
1.21077E+15,wibu,Phương Vũ,2025-04-03T23:27:24,0,0
5.93795E+14,You are dead anyway,Adam Emad,2025-03-24T01:53:56,0,0
2.99147E+14,"hello guys i post fun content here ...related to various youtubers

samay raina ,zaid ziz,ishowspeed,sidemen,arpit bala etc.....hopefully u guys like it 

https://youtube.com/shorts/nXF16G2YxZw?feature=share",Ran Vid,2023-10-05T23:47:02,0,1
8.85607E+14,Man you are something else,WE de mobz networks designed channels and sexy models.HBO illumi brizzy,2024-07-06T17:26:31,0,0
2.86479E+14,Fake ishowspeed,Filip U Marchlewicz,2024-03-14T20:47:14,4,0
1.40858E+15,Suuuuooo,Emran Wkfe,2025-05-18T16:52:26,0,0
1.48633E+15,meet,Justine Ace,2024-04-11T22:19:33,0,0
6.90187E+14,👀🤔wtf,Feka T-raw,2025-03-29T08:23:05,0,0
9.17671E+14,Siuuuuuuu,Massimo Di Chiaro,2025-01-25T09:27:28,0,0
5.02422E+14,Ohhh my godddd itsss Luffy,John Cullens Saflor,2024-09-14T21:16:17,0,0
1.58617E+15,Hello Darren ) pls answer me ),Илья Селявский,2024-03-04T13:24:06,0,2
9.52735E+14,Ishowmeat,David Mendoza,2025-03-29T13:43:34,0,0
6.84544E+15,wolna palestyna od palestyńczyków i hamasu !! I Love Izrael 🔯🇮🇱,Adam Budny,2023-12-18T23:59:11,1,0
2.9772E+14,👀,Malik Muneeb,2023-07-15T13:39:18,1,2
7.68358E+14,that so sad bro,Teah Young,2024-05-24T16:26:14,0,0
9.68308E+14,My Crazy brother 🥹😂,Dong X Chhan,2024-05-20T01:20:46,0,0
1.84425E+15,sad,Zeky Theo,2024-05-19T09:00:05,0,0
1.96834E+15,Sorry bro,Nenyasha Nk,2024-03-31T20:09:41,0,0
1.82461E+14,fuck happened to you,Thomas Pw,2023-08-01T20:27:31,1,0
1.66266E+15,Quick recovery speed,Felix Odoh,2023-08-01T13:10:59,0,0
6.56899E+14,Quick recovery speed,Itz Pius Junior Akubzy,2023-07-31T12:41:00,0,0
8.33954E+14,Quick recover bro,Cesc Fall,2023-07-31T10:44:57,0,2
1.59809E+15,Get well soon bra,Tichaona Simon Mahachi,2023-07-31T16:33:06,0,0
1.63375E+15,bro what happened?????,Christine Hodel Stahl,2025-06-02T05:59:19,0,0
1.36579E+15,Bro what happened,Cassie B.L,2024-12-24T14:22:02,1,0
8.31459E+14,Try again next time it should be on the left,Vannex Lucenio Tipdas,2023-07-31T19:36:10,1,0
9.16047E+14,Get well soon I show speed I think so I saw your YouTube I like your video,Andrew Andrew,2024-11-03T10:38:13,1,0
1.41819E+15,Did you over speed? Speedy recovery,Fred Statesman,2023-08-01T00:33:11,1,0
3.11184E+14,Bro got the devil fruit named speed speed no mi and he said the most redeculas power in the intire world.,Tun S,2023-08-12T15:36:31,0,1
8.2272E+14,Bro is literally luffy 100%,Tun S,2023-08-12T15:35:00,0,0
6.46739E+15,Whats happening with him?,Ivo Silva,2023-07-31T19:17:29,3,2
4.93285E+14,Nice and attractive,Al Herathasin,2024-08-28T18:19:26,1,0
2.49182E+14,Super speed recover,Cheslyn Deviliers,2023-08-01T04:46:43,0,0
7.23667E+14,Speed recovery bro,Ibrahim Jalloh,2023-07-31T19:01:40,0,0
5.34215E+14,Nice and attractive 😍,Wahid Hasan,2024-09-18T01:11:38,0,0
6.89456E+15,I think there was a speed breaker 🤣,Pùpù Sùbba,2023-08-01T03:45:17,1,0
3.55326E+15,That's not speed,Deonte Jones,2023-08-04T03:55:15,2,0
8.53066E+15,Congratulationship,Fu Jio,2024-10-14T05:59:13,0,0
5.39833E+14,nice @ attractive,Sa BBir Rahman,2024-08-29T04:00:30,0,0
5.02775E+14,Oh no i show speed got you love god you're singing is god is good,Jessie Jumadiao Miano,2024-11-17T16:46:32,0,0
7.9398E+14,Nice and attractive,Robin Khan,2024-08-28T02:31:32,0,0
8.36998E+15,speed  Really good,ឯម អេងហុង,2024-09-18T00:24:56,0,0
9.87321E+14,Love from Bangladesh 🇧🇩🇧🇩🇧🇩🇧🇩,HM Billal Hosen,2024-07-17T21:44:19,0,0
8.26685E+14,"মুরুব্বি, মুরুব্বি 

উহু, উহু, হু!",Ahammed Samim,2024-08-30T06:03:20,0,0
4.80305E+14,Nice & attractive,It'z Anik,2024-08-29T09:39:18,0,0
5.39586E+14,Bon rétablissement,Dj Bachir,2023-08-02T09:47:39,0,0
6.7391E+14,Sorry 😞 I'm very said,Felixanho Felix,2025-04-06T19:32:33,0,0
1.5279E+15,bro dats na real its safely feik bro,Guga Tediashvili,2024-10-06T04:22:03,1,0
1.60508E+15,Meow meow,John Nathaniel Jorda,2024-09-12T22:10:17,0,0
8.84834E+14,speed can you give me robux plsss,Charles Vlog,2024-10-04T11:57:47,0,0
6.65908E+14,Prompt rètablissement,Thierno Sambou,2023-08-01T17:28:30,0,0
8.14629E+14,Seep recovery,Chernor Barrie,2023-07-31T18:53:46,1,0
5.72553E+14,Get well soon I show speed,Andrew Andrew,2024-11-03T10:35:04,1,0
5.33111E+14,dang bro you k,Sage Johnson,2025-03-06T12:55:09,0,0
5.63401E+14,Wishing for speedy recovery,Samikshya Gautam,2023-08-01T15:18:01,0,0
1.07781E+15,Get well soon IShowSpeed,Anacleta Pert Fil Den,2024-11-10T20:58:46,0,0
3.06161E+14,ممكن احد يخبرني ماذا حدث له ؟,Victor Nbxykbkswtbmb,2023-08-01T23:12:56,0,0
9.95556E+14,Get well soon speed!,Yhanna Jane Peralta,2023-08-01T12:52:49,0,0
2.62067E+14,Get well soon speed,Shayn Eco,2023-07-31T14:25:23,1,1
6.6174E+14,Comments what happened to him,Yew Alvie De Leon,2025-04-28T19:09:40,0,0
3.25984E+14,My sympathy,Sankoh Hassan,2023-07-31T08:02:07,0,0
6.54051E+15,U will surely recover speed,Liltino Last King,2023-07-31T08:15:17,0,0
6.21348E+15,U will surely recover speed,Young Kaka,2023-07-31T07:55:31,0,0
1.76945E+15,"what happened to ishowespeed he's
eyes",Zoie Iryth Deign Syd,2023-08-17T15:30:58,0,0
5.84959E+14,Hope you recover soon bro 🙏💯الحمدلله,Jibreal Muhammad,2023-08-02T10:14:11,0,0
6.13222E+14,Speedy speed recovery,Brent Richter,2023-07-31T23:27:25,1,0
3.6085E+14,Sorry 😔 God is with you 🙏,Delka Gee,2024-05-07T15:50:30,0,0
3.43387E+15,Polee🥺🥺🥺🥺,Eden Amos Buhaga,2023-07-31T13:34:53,0,0
2.8317E+14,Just found out what happened and I think I just found out what’s wrong wit me 🤦🏾‍♂️,RE EK,2023-08-02T21:29:25,2,5
7.16609E+14,I wish god bless you borther,Bŕö Kèñ,2023-08-17T15:48:05,1,1
9.91043E+14,Waht hapend speed?,Bozhica Stojkovska,2023-08-05T03:18:41,0,1
6.74202E+14,Suuuuuuu🙂,Ahamed Emtiaz,2023-07-31T11:05:26,0,0
3.06677E+14,😂😭😂boy lips dryer than my phone,Griffy Gzz,2023-08-01T01:22:50,1,0
2.53229E+15,😅😅😅 hope you get well soon bro,Johannes Merceus,2023-07-31T10:15:01,0,0
6.73674E+14,Speedy recovery bld,Ñüçh Rãfëål Stewart Jr.,2023-08-01T00:50:57,0,0
1.01705E+15,He want help from cr7  so he's wearing cr7 Shir 💔😆,Bosem Pao,2023-08-03T01:09:37,0,0
6.78585E+15,What r u doin? 🙈,ハウ,2023-07-31T11:46:26,0,0
7.02877E+14,Speedy recovery,VVtwo Vtwo,2023-08-01T04:14:51,0,0
5.64594E+14,I love i show speed 😊😊,Marilen Garcia,2024-10-13T15:05:53,1,0
9.42077E+14,John Karl naunsa mani?,Arisu,2023-07-31T08:07:59,0,0
7.86091E+14,Speedy recovery,Immaculate SB,2023-08-01T22:21:58,1,0
3.52355E+15,Oh that's bad. Speed recovery,Kamfutula Kanyama Salongola,2023-07-31T14:18:40,1,0
9.80491E+14,Damn kid this really ain't funny and if u was my son right or wrong I would've had to take u to get yo lic back as soon as you healed up....sweet pea and Jody style✊🏿 I'm praying 🙏🏿 for a SPEEDY recovery kidd ✊🏿,Xavien Wright,2023-08-04T05:04:28,0,1
6.66006E+14,Speedy recovery in Jesus name 🙏,Humble Okoro,2023-07-31T16:48:40,1,1
3.00511E+14,Mas Speed dibonyokin Mas Agus,Bhima Ghanendra,2023-07-31T22:37:49,0,0
9.95551E+14,Speed : hope u get well soon. Bro😂,Juliet NgunZatial,2023-08-02T00:06:45,0,0
1.35667E+15,Oh he's alive he's dead,Yew Alvie De Leon,2025-04-28T19:09:23,0,0
3.04162E+14,Ooooh shit nvmd I just found out what happened...u can't whoop no headache ass but if u did get a ass whoopin I was gonna be sad than a bitch....but still Im still praying for a speedy recovery....I just thought wit ya eye like that u took a ass whoopin😭😭🤣😂🤣😂🤣😂,Xavien Wright,2023-08-04T05:07:44,0,0
6.08941E+15,Speed recovery speed 🤣🤣,Massaquoi Abass,2023-07-31T14:44:23,21,0
7.88534E+14,answer me please,Alexsandr Strelkhenco,2024-03-17T17:16:56,0,0
1.48968E+15,blackEyedShowspeed.,Bryle Ericson,2023-07-31T08:22:25,1,0
3.25962E+14,answer me please,Alexsandr Strelkhenco,2024-03-17T17:16:53,0,0
1.00279E+15,SMH you don’t get tired of acting stupid,TY Driller,2023-08-01T08:14:07,0,0
1.0985E+15,He eye,Amelia Corllme,2024-09-30T08:22:30,0,0
6.69031E+14,Speed recovery,Fro St,2023-07-31T13:26:20,0,0
1.50034E+15,Wishing Speed speedy recovery 👁,Ayeni Olatunji Ridwan,2023-08-03T19:12:50,0,0
3.47189E+15,Geet well soon bruhh🙏🙏,Sonny,2023-07-31T10:33:57,0,0
2.87198E+14,Tes pray because we are Gonna pray for YOU to don’t have That thing At eye,Mihnea Nechifor,2023-08-10T04:04:09,0,0
5.59199E+14,He has cancer,Maher Hazmoun Haz,2024-12-19T00:08:01,0,0
1.30671E+15,እግዚአብሔር እንኳን መራህ 🙏,Ake Manche Antony,2023-08-01T02:28:12,0,0
6.57789E+14,ই কে বা IShowSpeed নি?👀,Nahid Afran,2025-03-21T02:29:32,0,0
9.67149E+14,So cute 😍😍😍,Yoon July,2023-07-31T16:36:57,0,0
7.94394E+15,"Hey, dude, can we talk about the mellstroy contest? if you're interested, let's continue, write to me on Instagram to_get_upset or reply here,",Miya Elagina,2024-03-07T17:35:53,0,0
1.35194E+15,Habis olahraga sama vans mesi hihihihi,Doremon Mon,2023-08-02T23:32:11,0,0
9.44199E+14,شبيك😂😂😂😂,Haydar Albawy,2023-07-31T07:57:04,0,0
5.98759E+14,"Sorry bro
I wish u speed recovery",Châmpîôñ Tïmër,2023-07-31T23:37:54,0,0
2.00857E+15,,Titus Tay,2023-08-01T14:09:24,0,0
1.314E+15,,Jeyson Balladares,2024-06-01T06:31:34,0,0
1.14102E+15,,Ruth Dutoit,2025-02-04T14:05:06,0,0
9.62292E+14,😅😅😅,Lou Fee,2023-07-31T11:16:59,0,0
1.28231E+15,,Md. Rafi,2024-11-18T15:26:33,0,0
2.13716E+15,😱😱🎂🎂🎂,Lay Nałng,2023-07-31T07:57:23,0,0
1.93707E+15,Los Throwed,Low N OuttaSight,2023-08-02T12:26:54,1,0
6.45818E+15,Zein Wannous,Billy Sleiman,2023-07-31T19:33:42,0,1
6.3898E+14,😹😹😹😹😹,Shimmy Mmone Eårlyan Maçhø,2023-08-02T15:27:08,0,0
2.1107E+14,😄😄😄😄,Ajgar Hossen,2023-08-01T00:58:40,0,0
1.30953E+15,Elisha Shawa,Gérárd  Müłâîśh,2023-07-31T16:59:54,0,1
3.45993E+14,,Rishad Islam,2024-08-27T04:56:55,0,0
1.13271E+15,,Pinky Pink,2024-11-03T17:47:39,1,0
1.08196E+15,,Pinky Pink,2024-11-03T17:47:09,1,0
6.73652E+15,,Luu Thar,2023-08-02T22:10:13,0,0
5.0508E+14,#SaveBangladeshiStudents,MD Najmul Hasan,2024-07-18T01:44:44,0,0
1.84252E+15,"Hello, dear friend! I don't know if you'll pay attention to me, but I really need it. There is a streamer Melstroy, he announced a competition. He rewards money for completed tasks. In one of the tasks you need to say hello to him from you. I really want to win one of the competitions because I need money. I want to change my life and please my family (my beloved wife and my daughter). Either way, I respect you friend",Alexsandr Strelkhenco,2024-03-17T17:17:29,0,0
8.65772E+14,#SaveBangladeshiStudents,Humayra Binte Ayat,2024-07-18T19:14:11,0,0
8.3991E+14,🍆🍆🍆🍆🍆🍆🍆🍆🍆🍆🍆🍆🍆🍆🍆🍆🍆🍆🍆🍆🍆🍆🍆🍆🍆🍆🍆🍆🍆🍆,Douglas Ough,2023-08-27T16:17:13,0,0
3.10807E+14,What happen bro? I'm follow your page ! because of your attitude somebody help I like it. I'm from myanmar 🇲🇲.💪🤟,U Yar Zar,2023-08-02T00:21:14,0,0
3.08885E+14,I hope you feel better speed,Gabriel Raymondi,2023-08-02T21:54:44,0,0
6.7255E+14,Daaaam with that crustyyyyy asss bottom lip boy !,Tony San Miguel,2023-07-31T18:55:02,0,0
2.34539E+14,I Hope You Feel Better Speed,Starsha Maree,2023-08-25T15:37:09,0,0
6.559E+15,Lips dry as shit,Char Char,2023-08-01T13:01:57,1,0
3.34147E+15,"Ur second eyes look like a potato 
I'm just joking 🙂😅❤",Fir Mino,2023-08-01T23:26:02,0,0
2.58748E+15,Kaitlyn Howells me last week,Kai Leader,2023-07-31T22:38:47,1,1
1.35014E+15,No Hahaliza Halis peda d mata ya,Mysha Janang,2023-07-31T19:18:40,1,1
3.59288E+14,big black monkey boy,Kurty Anthony,2024-07-22T14:26:07,0,0
3.58293E+15,And and and you y😯😯😯😯😯😯😭😭😭,Fannie Hackney,2023-08-09T13:20:34,0,0
1.77644E+15,Good,Tj YoungCreator,2023-08-01T06:05:08,0,0
2.13531E+14,Ur gragra don too much,Sandra Angela,2023-07-31T15:16:37,0,0
1.0425E+15,noooooooooooooooooooooooooooooooooooooooooooooooooooooooooooooooooooooooooooooooooooooooooooooooooooooooooooooooooooooooooooooooooooooooooooooooooooooooooooooooooooooooooooooooooooooooooooooooooooooooooooooooooooooooooooo speed sorry bro,JussMe,2025-05-13T04:36:13,0,0
6.7741E+14,Messi kicked him,Gansta Jesus Flow,2023-08-03T11:18:10,0,0
3.09161E+15,GABAAN EYY HAHAAHA,Princes Clian Trazo,2024-09-27T21:19:54,0,0
8.41062E+14,😅😅 Bakulayile,Simphiwe Simphiwe,2023-07-31T18:48:43,0,0
1.29898E+15,Black african niggga,Prob Ir,2024-10-05T13:16:36,0,0
1.34166E+15,Bro got karma for being to smart 😂😂😂😂😂 ugly ass nigga 😂😂😂😂,Moko Rihari,2023-08-13T13:35:38,0,0
7.92983E+14,inangyan,Andrea ۦۦ,2023-08-02T00:46:36,0,0
6.06127E+14,Odin speed,Bliss Wrld,2023-07-31T16:17:40,0,0
