video_id,url,description,timestamp,length_in_seconds,play_count,comments_count,reactions_count,reshare_count
1.00011E+15,https://www.facebook.com/reel/1000109228998029/,FIFA President Reacts to ShowSpeed - World Cup,1748256852,66.466,569000,646,25925,178
6.18197E+14,https://www.facebook.com/reel/618196914607379/,iShowSpeed Reacts To Speed Speed Sahur,1747874391,46.262,1200000,454,38589,995
1.74514E+15,https://www.facebook.com/reel/1745144629405218/,iShowSpeed vs Fan Art..,1747873244,27.711,304000,90,8232,51
2.12272E+15,https://www.facebook.com/reel/2122716641534413/,iShowSpeed Pranks Jamal,1747873248,42.1,198000,58,3895,16
1.62591E+15,https://www.facebook.com/reel/1625911521417340/,iShowSpeed Reacts To Abby vs Joel..,1747740055,22.255,92000,100,1916,18
1.02622E+15,https://www.facebook.com/reel/1026215002984704/,iShowSpeed Reacts To Ellie's Jokes..,1747740016,29.212,98000,54,2194,15
3.99627E+15,https://www.facebook.com/reel/3996271477314239/,iShowSpeed Reacts To Virat Kohli's Retirement..,1747214065,49.132,190000,133,4374,30
1.25637E+15,https://www.facebook.com/reel/1256374355910604/,iShowSpeed Reacts To Being In GTA 6..,1746650929,26.893,1200000,351,18492,165
6.87569E+14,https://www.facebook.com/reel/687569133646465/,i Showed Kai Cenat My New Haircut..,1746582498,50.417,111000,143,3505,27
1.23107E+15,https://www.facebook.com/reel/1231073121957254/,iShowSpeed & KSI Meet The Worst Comedian Ever..,1746218075,59.059,217000,214,5977,41
1.17594E+15,https://www.facebook.com/reel/1175936670945400/,My Mom Kinda Homeless Is Back 😭😭,1746142901,58.458,159000,113,3717,66
1.90231E+15,https://www.facebook.com/reel/1902312037187217/,iShowSpeed & KSI React To Football Ruined By AI..,1746043553,17.517,1900000,255,27901,116
1.23179E+15,https://www.facebook.com/reel/1231785248347804/,iShowSpeed Whips KSI,1745957098,22.105,146000,107,3440,19
1.73596E+15,https://www.facebook.com/reel/1735957410669073/,iShowSpeed & KSI Watch Mom Kick Son Out..,1745854082,42.058,513000,225,15543,158
1.74344E+15,https://www.facebook.com/reel/1743439866529112/,iShowSpeed Violates KSI 🤣,1745788651,39.339,142000,92,2621,30
1.0906E+15,https://www.facebook.com/reel/1090601559793375/,iShowSpeed Reacts To The World's Worst Barber,1745634839,47.997,120000,127,2250,18
6.59025E+14,https://www.facebook.com/reel/659024863678503/,iShowSpeed Meets Anime Voice Girl,1745202228,41.875,1600000,608,56478,825
1.202E+15,https://www.facebook.com/reel/1201997774751735/,iShowSpeed Can't Avoid This Song..,1744787547,22.338,508000,254,16888,191
1.49287E+15,https://www.facebook.com/reel/1492868748764435/,iShowSpeed Dances With A Robot.,1744787561,22.639,303000,295,9294,141
1.08115E+15,https://www.facebook.com/reel/1081149400701307/,iShowSpeed's First Time Using Nunchucks,1744787539,29.679,1700000,427,39830,259
2.67555E+15,https://www.facebook.com/reel/2675550542636833/,iShowSpeed Performs His Kung Fu Skills,1744507476,36.453,980000,1091,40172,429
9.6226E+14,https://www.facebook.com/reel/962260092390561/,iShowSpeed Rides a Flying Car!,1743982729,51.801,795000,369,24686,275
1.03884E+15,https://www.facebook.com/reel/1038835411438634/,Always Be You❤️,1743907711,43.193,1400000,1001,53384,1800
1.37004E+15,https://www.facebook.com/reel/1370044414201922/,iShowSpeed Meets A RACIST FAN,1743509082,24.974,11000000,9563,145854,8800
1.1859E+15,https://www.facebook.com/reel/1185895666605637/,i’m quitting youtube💔,1743490536,19.783,1700000,1887,67702,450
3.71498E+15,https://www.facebook.com/reel/3714984458799946/,EVERYBODY FOLLOW,1743476071,12.812,1300000,304,27279,134
1.49895E+15,https://www.facebook.com/reel/1498945934825148/,,1743115310,28.261,6100000,1874,119164,514
3.75334E+15,https://www.facebook.com/reel/3753338798130110/,iShowSpeed Hosts Split Or Steal!,1742699912,44.294,356000,124,7687,45
1.72368E+15,https://www.facebook.com/reel/1723682734886112/,iShowSpeed's First Impressions Of INVINCIBLE,1742593907,30.23,239000,144,3686,89
1.12349E+15,https://www.facebook.com/reel/1123494512796684/,iShowSpeed Omegle Jumpscare Prank!,1742500356,14.647,181000,65,2165,7
1.02396E+15,https://www.facebook.com/reel/1023959019785427/,iShowSpeed Lights On FIRE!,1742499533,31.748,136000,79,2196,11
1.71991E+15,https://www.facebook.com/reel/1719905851898008/,iShowSpeed Gets a Spanking..,1742086068,53.77,113000,110,2103,11
1.15521E+15,https://www.facebook.com/reel/1155212265774265/,iShowSpeed Assists Kai Cenat's First Goal!,1741643627,28.628,1200000,349,24047,211
9.5237E+14,https://www.facebook.com/reel/952369993740600/,iShowSpeed Wins The Game For The Youtube All Stars!,1741643599,32.982,297000,151,8791,63
1.17898E+15,https://www.facebook.com/reel/1178979143839918/,iShowSpeed Defends Cristiano Ronaldo 👑,1741234229,37.654,2600000,3884,90986,1600
1.16792E+15,https://www.facebook.com/reel/1167920455050554/,iShowSpeed's Take On Solo Leveling,1740663171,37.637,115000,103,2340,38
6.35599E+14,https://www.facebook.com/reel/635599402544171/,iShowSpeed Pranked By Kai Cenat,1740577182,25.875,354000,82,11128,81
6.17368E+14,https://www.facebook.com/reel/617367810896857/,iShowSpeed Makes KSI Score An OWN GOAL,1739615207,54.587,707000,279,19105,185
1.1798E+15,https://www.facebook.com/reel/1179800473578678/,iShowSpeed Breaks Danny Aaron's Ankles,1739615209,22.505,19000000,1907,228974,919
2.37977E+15,https://www.facebook.com/reel/2379772972393301/,iShowSpeed Makes KSI Sing THICK OF IT,1739615228,34.2,393000,124,11064,75
1.18137E+15,https://www.facebook.com/reel/1181366406757013/,"If I Don't Score, I Retire..",1739502981,9.342,1100000,309,22513,100
2.96879E+15,https://www.facebook.com/reel/2968788759947970/,iShowSpeed Makes Aboflah Flinch 🤣,1739483447,15.498,18000000,2687,228391,1500
3.899E+15,https://www.facebook.com/reel/3899001617013340/,Andrés Iniesta’s Cooking With iShowSpeed,1739483320,9.059,808000,84,16708,36
9.59943E+14,https://www.facebook.com/reel/959943098995155/,iShowSpeed Facetimes TRIPLE H,1737940065,42.992,3900000,1060,144180,1300
1.07864E+15,https://www.facebook.com/reel/1078644227279785/,iShowSpeed Tries POLLO CAMPERO,1736941563,25.225,1200000,312,35886,228
2.0733E+15,https://www.facebook.com/reel/2073303683102940/,Westol Saves iShowSpeed's Life,1736854815,37.787,1000000,364,16192,197
6.00042E+14,https://www.facebook.com/reel/600042435945181/,iShowSpeed Asks WestCol Ronaldo Or Messi?,1736839237,10.11,910000,220,21304,86
5.17132E+14,https://www.facebook.com/reel/517131547345526/,iShowSpeed Meets GARNACHO,1735955153,12.629,9900000,1101,321135,1500
1.68815E+15,https://www.facebook.com/reel/1688146148783717/,iShowSpeed & Kai Cenat Create Their Own Language,1735955139,24.758,201000,63,3713,51
6.00305E+14,https://www.facebook.com/reel/600304785886271/,iShowSnot😂,1735263314,30.163,430000,266,10910,180
4.7444E+14,https://www.facebook.com/reel/474439672344402/,iShowSpeed Reacts To iShowSponge,1734458439,46.813,27000000,3607,715397,16000
1.04349E+15,https://www.facebook.com/reel/1043487040880322/,Cristano Ronaldo Avenges iShowSpeed,1734447644,17.584,506000,131,11047,107
5.88309E+14,https://www.facebook.com/reel/588309277156619/,Double Pump Is BACK,1733965280,8.224,203000,90,2140,16
1.70363E+15,https://www.facebook.com/reel/1703625206890100/,OG Speed Is Back,1733863927,58.875,151000,91,2447,52
9.97773E+14,https://www.facebook.com/reel/997772865491029/,iShowSpeed Is The Unluckiest Fortnite Player 😭😭,1733811196,12.045,762000,83,2089,18
5.52045E+14,https://www.facebook.com/reel/552044510966361/,Thank You..,1733791069,59.809,1700000,1170,128667,872
8.80583E+15,https://www.facebook.com/reel/8805826526175738/,Real.,1733599998,22.939,135000,88,1828,19
1.80567E+15,https://www.facebook.com/reel/1805668206873427/,iShowSpeed Reunites With Talking Ben,1733467030,47.397,139000,92,3106,62
4.64835E+14,https://www.facebook.com/reel/464835103014702/,Dear Tyreek Hill..,1733456826,38.088,117000,80,1843,11
4.17961E+14,https://www.facebook.com/reel/417960814722683/,iShowSpeed Get's Cristiano Ronaldo's Number,1733360457,42.075,485000,162,16070,78
5.67633E+14,https://www.facebook.com/reel/567632632730265/,The Hardest Langauge iShowSpeed Learned..,1733345610,51.184,3600000,3168,56189,847
5.15579E+14,https://www.facebook.com/reel/515579224274236/,iShowSpeed's First Time Eating Vegemite,1733104770,33.65,418000,127,5440,51
1.10462E+15,https://www.facebook.com/reel/1104624187734957/,iShowSpeed Exposes Tyreek Hill,1732892457,27.56,275000,144,4251,28
8.48367E+15,https://www.facebook.com/reel/8483670661755560/,iShowSpeed Performs The Haka!,1732845624,51.935,245000,297,9447,150
1.50705E+15,https://www.facebook.com/reel/1507052540013048/,Nobody Is Faster Than SPEED,1732831167,24.374,16000000,2407,374803,1300
3.26802E+15,https://www.facebook.com/reel/3268019886688914/,iShowSpeed vs. Pro Rugby Players 😂,1732716690,21.071,1400000,270,32319,130
2.34807E+15,https://www.facebook.com/reel/2348065278862177/,Ronaldo Shouted Me Out..,1732583588,21.204,3000000,530,87451,170
5.50575E+14,https://www.facebook.com/reel/550574661227479/,IShowSpeed vs. Pro AFL Players 😂,1732316059,10.86,6400000,432,70218,194
5.35774E+14,https://www.facebook.com/reel/535773676050662/,Nick eh 30 Trolls iShowSpeed,1729113531,21.916,239000,359,3468,41
1.65312E+15,https://www.facebook.com/reel/1653118071935232/,iShowSpeed & KSI React To THICK OF IT,1728415094,20.015,1400000,938,33801,1200
5.25009E+14,https://www.facebook.com/reel/525008990242934/,iShowSpeed Walks On Fire,1728415077,8.661,4900000,345,58653,472
5.38253E+14,https://www.facebook.com/reel/538253105815520/,iShowSpeed Bit By Dog,1728415065,7.894,249000,97,3043,42
9.13293E+14,https://www.facebook.com/reel/913293314043885/,iShowSpeed Kisses Ronaldo..,1728415052,12.422,1800000,429,50232,709
1.32211E+15,https://www.facebook.com/reel/1322107365620042/,iShowStink,1728415030,12.213,1700000,433,29761,397
8.07418E+14,https://www.facebook.com/reel/807417747992248/,iShowSpeed Almost DIES,1727737116,14.583,221000,301,3114,29
1.46992E+15,https://www.facebook.com/reel/1469924860338221/,iShowSpeed Get's Trolled in CAMBODIA,1727137197,11.4,1800000,650,28913,372
1.35346E+15,https://www.facebook.com/reel/1353457402729716/,iShowSpeed Humbles A Messi Fan,1726965711,16.75,1700000,602,26084,378
1.57913E+15,https://www.facebook.com/reel/1579134446146820/,iShowSpeed Gets a CRISTIANO RONALDO Toy,1726864065,25.116,2900000,600,82359,2500
5.37035E+14,https://www.facebook.com/reel/537035278720196/,iShowSpeed Makes a Fan FOLD,1726604037,15.25,2600000,439,18994,377
1.0477E+15,https://www.facebook.com/reel/1047703333768511/,iShowSpeed Tries KFC In Vietnam,1726519707,14.948,899000,707,12156,103
1.25936E+15,https://www.facebook.com/reel/1259355205259074/,iShowSpeed Finds a FAKE RONALDO,1726435605,12.8,1300000,652,19155,271
5.2822E+14,https://www.facebook.com/reel/528220042926890/,iShowSpeed Get's Trolled in Vietnam,1726353584,26.233,2600000,725,58664,1200
8.37193E+15,https://www.facebook.com/reel/8371927336209678/,iShowSpeed Tries JOLIBEE In The Philippines,1726197742,41.133,5900000,3438,244680,7100
9.59603E+14,https://www.facebook.com/reel/959602699212668/,iShowSpeed Eats a CAT,1726099739,21.521,15000000,6410,326295,19000
2.15863E+15,https://www.facebook.com/reel/2158628241204766/,iShowSpeed Races Travis Scott,1724098049,30.533,1400000,292,13414,166
1.02441E+15,https://www.facebook.com/reel/1024410192417761/,"🥚 challenge w/ MrBeast, Kai & Logan Paul",1721408754,21.421,1200000,751,14472,139
4.61095E+14,https://www.facebook.com/reel/461094736725950/,iShowSpeed Reacts To Messi Winning The Copa America,1721241221,26.976,1700000,5834,29264,138
1.70192E+15,https://www.facebook.com/reel/1701921313881155/,iShowSpeed Packs Vini JR,1718247632,33.466,726000,351,7436,38
4.50796E+14,https://www.facebook.com/reel/450796204251966/,I'm Pregnant...,1718233903,41.474,1600000,1451,57478,1000
1.13391E+15,https://www.facebook.com/reel/1133906994487274/,iShowSpeed Gets Attacked By A Dog,1715723246,26.593,1100000,1059,34579,1300
7.87786E+14,https://www.facebook.com/reel/787786336791936/,iShowSpeed Runs a 4.4,1715568211,24.024,1600000,371,18402,83
1.90079E+15,https://www.facebook.com/reel/1900788250365213/,iShowSpeed Benches 225 LBS,1715568191,28.395,2300000,562,38400,244
4.0475E+14,https://www.facebook.com/reel/404750299016341/,iShowSpeed Hits 24Million Subscribers,1713220091,59.642,737000,366,27547,235
2.30124E+15,https://www.facebook.com/reel/2301244376893931/,My Chat Told Me To React To This...,1710280861,19.319,1000000,345,29172,978
7.35349E+14,https://www.facebook.com/reel/735348695390860/,iShowSpeed Benches 500 Pounds,1710266590,31.464,277000,129,5791,38
1.16399E+15,https://www.facebook.com/reel/1163988271445166/,Speed Reacts To The New Fortnite Season,1710169229,56.189,164000,74,1822,17
3.75957E+14,https://www.facebook.com/reel/375957321898001/,iShowSpeed Reacts To The Passing Of Akira Toriyama,1710140411,44.027,211000,257,5972,142
1.48736E+15,https://www.facebook.com/reel/1487363398789488/,iShowSpeed Reacts To Garnacho Scamming Him,1707513038,45.162,176000,170,3743,16
1.08308E+15,https://www.facebook.com/reel/1083078386075349/,iShowSpeed Reacts To Ronaldo JR Missing A Free Kick,1707346976,11.062,6500000,812,149351,237
8.80187E+14,https://www.facebook.com/reel/880187010553904/,iShowSpeed vs Ronaldo Jr. Highlights,1707346955,59.86,1200000,174,60476,149
1.38535E+15,https://www.facebook.com/reel/1385349378779080/,Ronaldo JR Violates iShowSpeed,1707346945,12.096,551000,56,5440,31
7.65243E+14,https://www.facebook.com/reel/765243145458405/,Cristiano Ronaldo Sent Me His Unreleased Boots,1707252860,41.325,169000,80,3901,17
1.41843E+15,https://www.facebook.com/reel/1418430992133582/,Ronaldo Jr Attacks iShowSpeed,1707252874,18.135,184000,55,3155,20
3.91173E+14,https://www.facebook.com/reel/391173243566900/,iShowSpeed Turns German After Packing MATTHAUS,1706500731,46.247,180000,44,3767,22
8.85999E+14,https://www.facebook.com/reel/885998633310763/,iShowSpeed vs iShowStrength,1706500746,28.529,228000,67,4318,56
4.13192E+14,https://www.facebook.com/reel/413191924394623/,iShowSpeed Becomes An Honorary Brazilian,1706500763,49.133,844000,197,45817,117
7.36575E+14,https://www.facebook.com/reel/736574778417511/,iShowSpeed Busts After Packing Cristiano Ronaldo,1706225316,30.514,996000,1085,23147,827
1.34152E+15,https://www.facebook.com/reel/1341517169835825/,iShowSpeed & His Dog React To Packing MESSI,1706128277,39.44,512000,258,16622,226
1.38301E+15,https://www.facebook.com/reel/1383012955920825/,iShowSpeed Shows Off His Rizz,1705896407,15.766,207000,112,3246,84
2.59887E+14,https://www.facebook.com/reel/259886926987911/,iShowSpeed Adopts & Names His New Dog,1705773651,38.956,149000,63,3827,103
9.14975E+14,https://www.facebook.com/reel/914974580240205/,iShowSpeed Shows Off His Soccer Skills,1705266057,39.673,252000,45,6221,19
3.91157E+14,https://www.facebook.com/reel/391157406776827/,iShowSpeed Hits An INSANE Backflip,1705255226,24.625,2000000,363,77765,554
9.08367E+14,https://www.facebook.com/reel/908366647182551/,iShowSpeed Gets A Signed Jersey From R9,1705208438,28.412,117000,24,2555,13
8.75162E+14,https://www.facebook.com/reel/875161537427022/,iShowSpeed Wins The BALON D'OR,1705199484,21.789,9800000,2294,400723,1200
9.0263E+14,https://www.facebook.com/reel/902629807748404/,iShowSpeed Caught Watching CORN,1704247233,42.059,128000,136,2384,79
7.14589E+14,https://www.facebook.com/reel/714588877342158/,iShowSpeed Carries His New Girlfriend To Her First Fortnite Win,1704239600,35.336,546000,90,5669,125
3.46468E+14,https://www.facebook.com/reel/346467578017415/,Never Playing with flightreacts again after this,1703995228,58.692,85000,18,654,4
1.11209E+15,https://www.facebook.com/reel/1112091819951483/,I Jumpscared Flight Reacts,1703984432,30.197,81000,15,729,9
2.14051E+15,https://www.facebook.com/reel/2140508296294006/,I Pranked Flight Reacts,1703979834,46.247,88000,9,971,17
7.30631E+14,https://www.facebook.com/reel/730631281972837/,STOP RUINING RONALDO,1703371942,17.702,632000,488,35397,1700
6.85382E+14,https://www.facebook.com/reel/685382083415977/,KSI Shows iShowSpeed His FOREHEAD,1703275254,34.385,2000000,1001,92105,2300
8.99671E+14,https://www.facebook.com/reel/899670938469746/,iShowSpeed Perfectly Times Music To His Win,1703268061,60.161,87000,25,1827,54
1.546E+15,https://www.facebook.com/reel/1545996752822850/,iShowSpeed Reacts To Arabic Eninem,1703260844,20.938,110000,49,2778,98
7.84063E+14,https://www.facebook.com/reel/784063040147690/,iShowSpeed Reacts To A Fan's Art,1703100641,59.293,3200000,987,323233,1100
1.7936E+15,https://www.facebook.com/reel/1793601487755354/,Justice For Speed,1703100610,57.942,117000,60,3216,28
8.95739E+14,https://www.facebook.com/reel/895739242136133/,iShowSpeed Stunts On DJ SCHEME,1703100578,9.493,108000,13,793,2
1.40033E+15,https://www.facebook.com/reel/1400331000864993/,Chica Rejects iShowMeat,1702947914,34.385,62000,7,693,4
8.8426E+14,https://www.facebook.com/reel/884259949984642/,iShowSpeed Realizes He Should Just Uninstall Clash Royale,1702947879,42.56,94000,39,1334,42
3.53415E+14,https://www.facebook.com/reel/353414584050300/,KSI Emotes On iShowSpeed,1702761619,24.775,415000,139,7245,199
6.70168E+14,https://www.facebook.com/reel/670167658608901/,Proof I'm Better Than KSI At FIFA,1702430058,35.436,155000,26,4152,44
2.61807E+14,https://www.facebook.com/reel/261807293247370/,iShowSpeed Goes In A Moshpit Without Security,1702360401,31.565,63000,21,1080,11
1.48006E+15,https://www.facebook.com/reel/1480063285889575/,iShowSpeed Downloaded Hacks & Still Lost 😂,1701738684,37.321,52000,10,498,10
7.05405E+14,https://www.facebook.com/reel/705404828190712/,iShowSpeed Reacts To Ronaldo Being The Best,1701280834,50.935,115000,83,6846,33
7.55823E+14,https://www.facebook.com/reel/755822693044991/,iShowSpeed Breaks Up With Aliyah....,1701201458,51.502,104000,39,1614,40
1.29108E+14,https://www.facebook.com/reel/129108046962127/,Bro really thinks he's in a tiktok edit,1700861838,48.916,61000,29,1331,73
1.0374E+15,https://www.facebook.com/reel/1037402337379230/,IShowSpeed Gets His Girlfriend Her First Fortnite Win,1700751682,40.558,45000,10,527,2
2.80062E+14,https://www.facebook.com/reel/280061848366525/,This Is Why Omegle Got Banned,1700744488,19.77,263000,117,8746,513
8.87278E+14,https://www.facebook.com/reel/887277816047097/,iShowSpeed Packs RONALDO,1700492505,49.55,112000,130,5337,122
3.05807E+14,https://www.facebook.com/reel/305807095694415/,iShowSpeed Get's His First FORTNITE Win,1700481616,31.265,45000,16,595,12
6.34387E+14,https://www.facebook.com/reel/634387491973880/,iShowSpeed Backflips Into His New Pool,1700350452,12.863,734000,30,11956,11
8.91642E+14,https://www.facebook.com/reel/891641689245402/,iShowSpeed's Rematch Against Chica,1700350426,32.732,46000,13,815,27
1.30384E+15,https://www.facebook.com/reel/1303840423650990/,iShowSpeed Packs NEYMAR,1698178698,53.27,87000,51,5293,59
3.60611E+14,https://www.facebook.com/reel/360611396310708/,iShowSpeed PRESSES Messi,1698097922,15.14,121000,38,3665,19
2.872E+14,https://www.facebook.com/reel/287199837523589/,Dalher Mehndi TUNAK TUNAK (iShowSpeed REMIX),1697940044,35.553,490000,322,15508,355
3.39284E+14,https://www.facebook.com/reel/339284065295713/,iShowSpeed Never Loses Bark Offs,1697849469,19.27,1100000,612,15759,1000
2.69137E+15,https://www.facebook.com/reel/2691371821162419/,iShowSpeed vs KSI FULL FIGHT,1697590885,18.576,104000,31,3271,16
3.76524E+14,https://www.facebook.com/reel/376524054697704/,iShowSpeed Fried Chicken ASMR,1697328040,33.15,110000,223,3164,87
1.04353E+15,https://www.facebook.com/reel/1043534170003543/,GOD BLESS AMERICA,1697317603,10.778,201000,21,1830,19
2.97934E+14,https://www.facebook.com/reel/297934039751481/,iShowSpeed Makes His First Jumpscare,1697208860,8.313,108000,40,1992,64
8.64398E+14,https://www.facebook.com/reel/864398175076299/,IllegalRizz 💀,1697127088,34.993,478000,174,13213,467
6.91112E+14,https://www.facebook.com/reel/691112096250411/,iShowSpeed Packs Himself,1697043692,19.12,836000,74,21568,115
1.62858E+14,https://www.facebook.com/reel/162857500228365/,iShowSpeed Packs Messi While Facetiming KAI CENAT,1697032869,44.879,157000,168,6582,258
6.63602E+14,https://www.facebook.com/reel/663601642534640/,Want A Break From The Ads?,1696989610,13.914,168000,66,4192,308
3.11664E+14,https://www.facebook.com/reel/311663804834744/,iShowSpeed Finds His PERFECT MATCH,1696982415,45.88,5900000,3145,270802,12000
2.8013E+14,https://www.facebook.com/reel/280129981562475/,iShowSpeed Gets PRANKED,1696975265,6.874,316000,85,5912,389
2.79448E+14,https://www.facebook.com/reel/279447668336703/,iShowSpeed Shows Off His Rizz,1696967598,30.448,1300000,129,45724,568
1.7328E+15,https://www.facebook.com/reel/1732798250526499/,Chat Donated This During iShowSpeed's Haircut,1696871104,31.699,96000,17,1941,52
7.00595E+14,https://www.facebook.com/reel/700594534895957/,iShowSpeed Reacts To Ronaldo Thowing His Son,1696863671,10.361,6800000,1181,191625,3900
1.73147E+15,https://www.facebook.com/reel/1731470540689034/,iShowSpeed Fights Himself,1696798502,38.422,741000,408,26715,3200
8.38219E+14,https://www.facebook.com/reel/838219324623078/,iShowSpeed Reacts To A Leaked Video of Him,1696608075,33.584,76000,30,1144,14
3.35407E+14,https://www.facebook.com/reel/335407115646843/,iShowSpeed's Weirdest Rage,1696545048,18.586,126000,47,2396,138
1.32644E+15,https://www.facebook.com/reel/1326444891323275/,Cristiano Ronaldo Sent Me A Message,1696540777,53.454,89000,46,3871,8
3.3401E+14,https://www.facebook.com/reel/334009632362939/,iShowSpeed Feeds A Homeless Dog,1696365043,33.067,3300000,364,136863,1500
1.06123E+15,https://www.facebook.com/reel/1061233051557968/,iShowSpeed Saves A Fan's Life,1696365033,24.225,325000,54,6966,113
1.34027E+15,https://www.facebook.com/reel/1340265023541871/,iShowSpeed Almost DIES From A Science Experiment,1696365020,51.524,1000000,425,5659,87
6.23593E+15,https://www.facebook.com/reel/6235927299847255/,iShowSpeed Shows Off His Rizz,1696217043,31.532,1000000,579,19931,678
1.01402E+15,https://www.facebook.com/reel/1014019896411925/,iShowSpeed Tried PRIME For The First Time,1696214651,59.643,160000,64,3957,37
8.19306E+14,https://www.facebook.com/reel/819306106600513/,iShowSpeed Reveals His Darkest Secret,1695946450,23.457,63000,39,1339,76
1.24453E+15,https://www.facebook.com/reel/1244533289572212/,iShowSpeed Get's Attacked By His PC,1695946438,38.689,46000,14,781,13
2.78916E+14,https://www.facebook.com/reel/278915831641747/,iSHowSpeed Destroys His Setup Playing FIFA24,1695866189,37.104,39000,12,546,3
2.74028E+14,https://www.facebook.com/reel/274027722163330/,iShowSpeed Fights CRISTIANO RONALDO,1695856038,40.408,77000,25,2312,35
1.87223E+15,https://www.facebook.com/reel/1872232399858257/,iShowSpeed Wins Variety Streamer Of The Year,1693191481,50.518,92000,117,5276,75
6.80283E+14,https://www.facebook.com/reel/680283393922948/,iShowSpeed Meets LIL TJAY,1689076325,27.52,128000,23,2730,26
2.25039E+14,https://www.facebook.com/reel/225039073765871/,iShowSpeed Tries Stage Diving,1688809038,10.325,138000,77,3876,98
1.61079E+15,https://www.facebook.com/reel/1610787569442923/,"iShowSpeed Asks Snap AI ""Ronaldo Or Messi?""",1683948510,12.492,116000,51,1142,11
1.9865E+14,https://www.facebook.com/reel/198649589228525/,iShowSpeed Tries The Condom Challenge,1683854695,16.857,133000,63,2582,116
6.64623E+14,https://www.facebook.com/reel/664622728761308/,iShowSpeed Meets Ronaldo On Omegle,1681660807,22.175,108000,52,2773,110
1.17084E+15,https://www.facebook.com/reel/1170844693579231/,iShowSpeed Gets Jumpscared By Dame Tu Cosita,1681574426,34.11,280000,86,6904,299
6.78536E+14,https://www.facebook.com/reel/678536337369845/,iShowSpeed Checks His Compatibility With RONALDO,1681412452,10.17,75000,38,1026,22
1.15314E+14,https://www.facebook.com/reel/115313624863322/,Wait For It,1681326068,31.997,87000,70,2557,116
1.74905E+14,https://www.facebook.com/reel/174904875459649/,iShowSpeed KISSES Cristiano Ronaldo,1681239636,24.543,82000,70,3906,61
7.72596E+14,https://www.facebook.com/reel/772596294381230/,Thank You Joao Felix,1680148878,26.749,83000,22,2975,22
1.60773E+15,https://www.facebook.com/reel/1607729746395505/,iShowSpeed Tricks Talking Ben,1675281630,8.661,113000,23,3058,184
5.84369E+14,https://www.facebook.com/reel/584369309802954/,iShowSpeed Packs Pele...,1675195233,40.124,317000,465,14462,604
9.39283E+14,https://www.facebook.com/reel/939282513897984/,iShowSpeed Plays Akinator...,1675108814,59.094,98000,39,3828,167
1.13773E+15,https://www.facebook.com/reel/1137725503604044/,iShowSpeed Fights Talking Ben,1675022410,59.094,64000,17,1515,30
8.83497E+14,https://www.facebook.com/reel/883497466135521/,iShowSpeed Reacts To Joe Biden's Message To Him,1674964817,54.195,32000,8,377,4
8.75652E+14,https://www.facebook.com/reel/875652053485558/,iShowSpeed Prank Calls A Restaurant,1674955011,55.774,37000,9,515,9
8.67672E+14,https://www.facebook.com/reel/867671607772341/,iShowSpeed Reacts To The Fifa 23 TOTY Defenders,1674697245,33.529,26000,1,252,2
1.37159E+15,https://www.facebook.com/reel/1371590516913244/,iShowSpeed Reacts to #miketyson vs #cristianoronaldo,1674695261,29.187,24000,3,225,3
4.72965E+14,https://www.facebook.com/reel/472964635052986/,Adin Ross Gave Me This...,1674611272,38.986,766000,263,50204,285
7.17643E+14,https://www.facebook.com/reel/717642923090529/,iShowSpeed & Adin Ross Arrested After Swatting,1674591476,25.959,22000,1,414,6
8.70787E+14,https://www.facebook.com/reel/870786517592898/,Debate Is Over,1674172194,12.747,22000,30,680,7
5.61593E+14,https://www.facebook.com/reel/561593152675041/,iShowSpeed Finally Meets Ronaldo,1674162040,58.399,23000,5,919,4
1.21093E+15,https://www.facebook.com/reel/1210931709511421/,iShowSpeed Finally Meets Messi,1674152649,57.214,23000,7,890,8
3.31531E+15,https://www.facebook.com/reel/3315307112131083/,iShowSpeed Reacts To Pele's Death,1672527627,58.142,19000,12,503,6
4.87869E+14,https://www.facebook.com/reel/487868950187356/,iShowSpeed Catches His Brother Watching P***,1672447007,57.98,17000,22,350,24
1.33818E+15,https://www.facebook.com/reel/1338175710332418/,iShowSpeed BANNED From Streaming,1672351223,47.391,15000,5,187,2
5.61643E+14,https://www.facebook.com/reel/561643242646807/,iShowSpeed Packs RONALDO,1672268454,59.14,415000,570,23982,386
1.20617E+15,https://www.facebook.com/reel/1206166997004056/,iShowSpeed DIES After Eating Venomous Scorpion,1671840313,59.767,17000,15,418,9
1.1304E+15,https://www.facebook.com/reel/1130402727607922/,iShowSpeed WINS BREAKOUT STREAMER AWARD 🏆,1670268550,49.272,20000,5,349,2
1.74063E+15,https://www.facebook.com/reel/1740632106305233/,Only Og's Remember These Days,1667862822,23.83,13000,4,142,2
6.37133E+14,https://www.facebook.com/reel/637133024678510/,iShowSpeed Sings And Then Breaks His Setup,1667156414,15.046,12000,3,77,1
1.30178E+15,https://www.facebook.com/reel/1301784287326699/,iShowSpeed Fights EDP,1667070014,13.676,12000,4,78,0
5.68013E+15,https://www.facebook.com/reel/5680126738713120/,iShowSpeed Tries Indian Food,1666807231,53.243,13000,4,107,2
1.2519E+15,https://www.facebook.com/reel/1251895265601551/,This Game's Not Scary 😂,1666720839,51.083,12000,1,87,2
1.12042E+15,https://www.facebook.com/reel/1120419731916790/,Are You Serious Right Neow,1666638072,31.104,12000,1,67,0
7.89902E+14,https://www.facebook.com/reel/789901932303562/,iShowSpeed Gets Attacked By Jason,1666638025,28.212,13000,1,116,1
8.25386E+14,https://www.facebook.com/reel/825385641996373/,Leaked Video Of Young iShowSpeed,1666551646,31.994,13000,3,139,2
5.45483E+15,https://www.facebook.com/reel/5454829054625354/,iShowSpeed Presses A Haunted House Worker,1666551631,18.761,14000,2,193,7
5.30812E+15,https://www.facebook.com/reel/5308123585983550/,iShowSpeed Was Always Sus,1666465244,9.265,16000,3,113,2
6.92844E+14,https://www.facebook.com/reel/692844048509932/,iShowSpeed Finally Packs Messi,1666378882,50.712,16000,6,160,5
5.18779E+14,https://www.facebook.com/reel/518778633429215/,iShowSpeed's Dream Job,1666292418,54.842,18000,3,126,0
1.23464E+15,https://www.facebook.com/reel/1234643440440522/,Ouuu I Look So Live😭,1666212383,9.772,21000,2,220,0
3.16E+15,https://www.facebook.com/reel/3160001867643127/,iShowSpeed Tries The One Chip Challenge,1665943229,58.24,20000,3,231,3
1.2458E+15,https://www.facebook.com/reel/1245800722662610/,Akinator Is Too Smart,1665860419,54.016,20000,2,150,2
4.2765E+14,https://www.facebook.com/reel/427649836216572/,iShowSpeed Reacts To His Fortnite Skin,1665691218,58.418,20000,0,155,1
1.09444E+15,https://www.facebook.com/reel/1094443424766225/,iShowSpeed Gets JumpScared On Gary'sMod,1665604827,11.932,23000,0,195,3
4.27194E+14,https://www.facebook.com/reel/427194319343724/,iShowSpeed Reacts To Dream's Face Reveal,1665096468,14.001,25000,0,161,1
4.63758E+14,https://www.facebook.com/reel/463757925771486/,Speed Reacts To Fifa 23,1665016575,12.84,29000,0,161,0
4.35929E+14,https://www.facebook.com/reel/435929421970139/,The True MVP,1664121716,44.032,36000,11,877,16
1.36834E+15,https://www.facebook.com/reel/1368341463696441/,SUI,1664063468,10.679,3500000,736,154586,1600
4.35039E+14,https://www.facebook.com/reel/435039352063358/,SIT DOWN KSI,1664046202,13.606,8900000,609,43467,200
2.34559E+15,https://www.facebook.com/reel/2345593485597605/,wait for it,1663898145,57.8,31000,8,844,6
3.94841E+14,https://www.facebook.com/reel/394841239487707/,iShowSpeed Finally Packs Ronaldo,1663199645,57.373,19000,2,434,0
5.9802E+14,https://www.facebook.com/reel/598019658658164/,iShowSpeed Tries The Michael Jackson Lean,1663105423,8.89,22000,4,240,12
6.2478E+14,https://www.facebook.com/reel/624780095828270/,👀,1663092284,14.2,21000,9,208,0
1.16617E+15,https://www.facebook.com/reel/1166173693936443/,iShowSpeed Reacts To Racist iPhone 14 Commercial.. 😂,1663013825,59.535,18000,1,159,2
7.43681E+14,https://www.facebook.com/reel/743680823387802/,iShowSpeed Tries The Kyle Jenner Challenge,1662508502,56.143,27000,30,688,41
5.6864E+14,https://www.facebook.com/reel/568639925044583/,IShowSpeed Attempts Backflip,1661977568,41.677,25000,2,283,1
7.59977E+14,https://www.facebook.com/reel/759976835120911/,Timmy Calls Cops at iShowSpeed's House,1661608889,59.254,26000,4,249,1
8.18834E+14,https://www.facebook.com/reel/818834162670409/,Bald 2.0,1661529919,8.893,30000,5,162,0
1.42606E+15,https://www.facebook.com/reel/1426060638139325/,A Simple Man With Simple Needs,1661443565,57.492,32000,3,291,2
5.3996E+15,https://www.facebook.com/reel/5399600516797119/,Leaked Rare Video Of iShowSpeed,1661207662,28.694,33000,8,362,4
1.22661E+15,https://www.facebook.com/reel/1226607184838266/,Bald,1661027668,59.417,36000,22,497,2
1.00044E+15,https://www.facebook.com/reel/1000441487495513/,Streaking At A High School Game,1660869320,35.392,35000,2,589,0
7.66928E+14,https://www.facebook.com/reel/766928271237587/,,1660752178,28.163,32000,5,403,0
7.70593E+14,https://www.facebook.com/reel/770593127511153/,IShowSpeed Gets Rejected...,1660665641,23.495,35000,6,1083,5
